season,bb_ref_team_name,ATL,BOS,BKN,CHI,CHA,CLE,DAL,DEN,DET,GSW,HOU,IND,LAC,LAL,MEM,MIA,MIL,MIN,NOP,NYK,OKC,ORL,PHI,PHX,POR,SAC,SAS,TOR,UTA,WAS
2020,Atlanta Hawks,NA,2-1,1-2,3-0,1-2,1-2,0-2,1-1,2-1,2-0,2-0,1-2,1-1,1-1,1-1,2-1,1-2,2-0,2-0,0-3,1-1,3-0,1-2,1-1,1-1,1-1,1-1,3-0,0-2,3-0
2020,Boston Celtics,1-2,NA,0-3,1-2,2-1,1-2,0-2,2-0,1-2,2-0,2-0,2-1,2-0,1-1,1-1,1-2,2-1,2-0,0-2,1-2,1-1,3-0,0-3,1-1,1-1,0-2,1-1,3-0,0-2,2-1
2020,Brooklyn Nets,2-1,3-0,NA,2-1,2-1,1-2,0-2,2-0,2-1,2-0,2-0,3-0,2-0,1-1,0-2,2-1,1-2,2-0,2-0,3-0,1-1,2-1,1-2,2-0,1-1,2-0,2-0,1-2,1-1,1-2
2020,Chicago Bulls,0-3,2-1,1-2,NA,3-0,1-2,2-0,0-2,3-0,0-2,2-0,2-1,0-2,0-2,0-2,1-2,1-2,1-1,2-0,1-2,1-1,1-2,0-3,0-2,1-1,1-1,0-2,3-0,0-2,2-1
2020,Charlotte Hornets,2-1,1-2,1-2,0-3,NA,1-2,1-1,0-2,3-0,1-1,2-0,2-1,0-2,0-2,0-2,2-1,2-1,2-0,1-1,1-2,1-1,2-1,0-3,1-1,1-1,2-0,1-1,1-2,0-2,2-1
2020,Cleveland Cavaliers,2-1,2-1,2-1,2-1,2-1,NA,0-2,0-2,2-1,0-2,2-0,0-3,0-2,0-2,1-1,0-3,0-3,1-1,0-2,1-2,1-1,0-3,2-1,0-2,0-2,0-2,1-1,1-2,0-2,0-3
2020,Dallas Mavericks,2-0,2-0,2-0,0-2,1-1,2-0,NA,2-1,2-0,2-1,1-2,1-1,2-1,2-1,2-1,2-0,1-1,2-1,2-1,1-1,2-1,2-0,0-2,0-3,1-2,0-3,2-1,1-1,1-2,2-0
2020,Denver Nuggets,1-1,0-2,0-2,2-0,2-0,2-0,1-2,NA,2-0,1-2,3-0,2-0,2-1,1-2,3-0,2-0,1-1,3-0,2-1,2-0,3-0,2-0,2-0,2-1,2-1,0-3,2-1,1-1,1-2,0-2
2020,Detroit Pistons,1-2,2-1,1-2,0-3,0-3,1-2,0-2,0-2,NA,0-2,1-1,0-3,0-2,1-1,1-1,1-2,0-3,0-2,1-1,0-3,2-0,1-2,1-2,1-1,0-2,1-1,0-2,3-0,0-2,1-2
2020,Golden State Warriors,0-2,0-2,0-2,2-0,1-1,2-0,1-2,2-1,2-0,NA,3-0,1-1,1-2,1-2,2-1,1-1,1-1,2-1,2-1,1-1,3-0,1-1,1-1,1-2,1-2,2-1,2-1,1-1,2-1,0-2
2020,Houston Rockets,0-2,0-2,0-2,0-2,0-2,0-2,2-1,0-3,1-1,0-3,NA,0-2,1-2,0-3,1-2,0-2,1-1,1-2,1-2,0-2,1-2,2-0,0-2,0-3,1-2,2-1,1-2,1-1,0-3,1-1
2020,Indiana Pacers,2-1,1-2,0-3,1-2,1-2,3-0,1-1,0-2,3-0,1-1,2-0,NA,0-2,0-2,2-0,2-1,0-3,2-0,1-1,1-2,2-0,3-0,1-2,1-1,1-1,0-2,1-1,2-1,0-2,0-3
2020,Los Angeles Clippers,1-1,0-2,0-2,2-0,2-0,2-0,1-2,1-2,2-0,2-1,2-1,2-0,NA,3-0,2-1,2-0,1-1,3-0,1-2,1-1,2-1,1-1,1-1,2-1,3-0,2-1,2-1,2-0,1-2,1-1
2020,Los Angeles Lakers,1-1,1-1,1-1,2-0,2-0,2-0,1-2,2-1,1-1,2-1,3-0,2-0,0-3,NA,3-0,0-2,1-1,3-0,2-1,1-1,3-0,2-0,0-2,1-2,1-2,1-2,2-1,1-1,1-2,0-2
2020,Memphis Grizzlies,1-1,1-1,2-0,2-0,2-0,1-1,1-2,0-3,1-1,1-2,2-1,0-2,1-2,0-3,NA,2-0,1-1,3-0,1-2,0-2,2-1,1-1,2-0,1-2,2-1,3-0,2-1,1-1,0-3,2-0
2020,Miami Heat,1-2,2-1,1-2,2-1,1-2,3-0,0-2,0-2,2-1,1-1,2-0,1-2,0-2,2-0,0-2,NA,1-2,1-1,2-0,3-0,2-0,2-1,1-2,0-2,1-1,2-0,2-0,2-1,1-1,2-1
2020,Milwaukee Bucks,2-1,1-2,2-1,2-1,1-2,3-0,1-1,1-1,3-0,1-1,1-1,3-0,1-1,1-1,1-1,2-1,NA,2-0,1-1,1-2,1-1,3-0,3-0,0-2,2-0,2-0,1-1,1-2,0-2,3-0
2020,Minnesota Timberwolves,0-2,0-2,0-2,1-1,0-2,1-1,1-2,0-3,2-0,1-2,2-1,0-2,0-3,0-3,0-3,1-1,0-2,NA,2-1,1-1,1-2,1-1,0-2,1-2,1-2,2-1,1-2,1-1,3-0,0-2
2020,New Orleans Pelicans,0-2,2-0,0-2,0-2,1-1,2-0,1-2,1-2,1-1,1-2,2-1,1-1,2-1,1-2,2-1,0-2,1-1,1-2,NA,0-2,2-1,1-1,1-1,1-2,0-3,2-1,1-2,2-0,1-2,1-1
2020,New York Knicks,3-0,2-1,0-3,2-1,2-1,2-1,1-1,0-2,3-0,1-1,2-0,2-1,1-1,1-1,2-0,0-3,2-1,1-1,2-0,NA,1-1,2-1,0-3,0-2,1-1,1-1,1-1,2-1,1-1,3-0
2020,Oklahoma City Thunder,1-1,1-1,1-1,1-1,1-1,1-1,1-2,0-3,0-2,0-3,2-1,0-2,1-2,0-3,1-2,0-2,1-1,2-1,1-2,1-1,NA,1-1,0-2,1-2,1-2,0-3,2-1,1-1,0-3,0-2
2020,Orlando Magic,0-3,0-3,1-2,2-1,1-2,3-0,0-2,0-2,2-1,1-1,0-2,0-3,1-1,0-2,1-1,1-2,0-3,1-1,1-1,1-2,1-1,NA,0-3,1-1,0-2,1-1,0-2,0-3,0-2,2-1
2020,Philadelphia 76ers,2-1,3-0,2-1,3-0,3-0,1-2,2-0,0-2,2-1,1-1,2-0,2-1,1-1,2-0,0-2,2-1,0-3,2-0,1-1,3-0,2-0,3-0,NA,0-2,0-2,2-0,2-0,2-1,1-1,3-0
2020,Phoenix Suns,1-1,1-1,0-2,2-0,1-1,2-0,3-0,1-2,1-1,2-1,3-0,1-1,1-2,2-1,2-1,2-0,2-0,2-1,2-1,2-0,2-1,1-1,2-0,NA,3-0,2-1,2-1,2-0,3-0,1-1
2020,Portland Trail Blazers,1-1,1-1,1-1,1-1,1-1,2-0,2-1,1-2,2-0,2-1,2-1,1-1,0-3,2-1,1-2,1-1,0-2,2-1,3-0,1-1,2-1,2-0,2-0,0-3,NA,3-0,2-1,2-0,1-2,1-1
2020,Sacramento Kings,1-1,2-0,0-2,1-1,0-2,2-0,3-0,3-0,1-1,1-2,1-2,2-0,1-2,2-1,0-3,0-2,0-2,1-2,1-2,1-1,3-0,1-1,0-2,1-2,0-3,NA,1-2,1-1,0-3,1-1
2020,San Antonio Spurs,1-1,1-1,0-2,2-0,1-1,1-1,1-2,1-2,2-0,1-2,2-1,1-1,1-2,1-2,1-2,0-2,1-1,2-1,2-1,1-1,1-2,2-0,0-2,1-2,1-2,2-1,NA,1-1,0-3,2-0
2020,Toronto Raptors,0-3,0-3,2-1,0-3,2-1,2-1,1-1,1-1,0-3,1-1,1-1,1-2,0-2,1-1,1-1,1-2,2-1,1-1,0-2,1-2,1-1,3-0,1-2,0-2,0-2,1-1,1-1,NA,0-2,2-1
2020,Utah Jazz,2-0,2-0,1-1,2-0,2-0,2-0,2-1,2-1,2-0,1-2,3-0,2-0,2-1,2-1,3-0,1-1,2-0,0-3,2-1,1-1,3-0,2-0,1-1,0-3,2-1,3-0,3-0,2-0,NA,0-2
2020,Washington Wizards,0-3,1-2,2-1,1-2,1-2,3-0,0-2,2-0,2-1,2-0,1-1,3-0,1-1,2-0,0-2,1-2,0-3,2-0,1-1,0-3,2-0,1-2,0-3,1-1,1-1,1-1,0-2,1-2,2-0,NA
2019,Atlanta Hawks,NA,0-3,1-3,0-3,2-0,0-2,1-1,1-1,1-2,1-0,0-2,1-2,1-1,0-2,0-2,1-3,0-3,1-1,NA,1-2,0-1,2-2,1-2,1-1,1-1,0-1,2-0,0-3,0-1,1-2
2019,Boston Celtics,3-0,NA,2-2,2-0,3-0,4-0,2-0,1-1,1-1,2-0,0-2,1-1,1-1,1-1,2-0,2-1,1-2,1-0,1-1,3-0,1-1,3-0,1-3,1-1,2-0,1-1,1-1,3-1,1-1,1-2
2019,Brooklyn Nets,3-1,2-2,NA,3-0,3-1,1-0,0-1,1-1,2-1,1-0,1-1,1-2,1-0,1-1,0-2,1-2,1-1,0-2,2-0,2-2,0-1,1-3,1-3,1-1,1-1,2-0,1-1,1-3,0-2,1-2
2019,Chicago Bulls,3-0,0-2,0-3,NA,1-3,3-1,1-1,NA,4-0,0-2,0-1,0-4,1-0,0-1,2-0,0-2,0-4,1-1,0-2,1-2,0-2,0-1,0-2,0-1,0-2,1-1,1-0,0-3,0-1,3-1
2019,Charlotte Hornets,0-2,0-3,1-3,3-1,NA,1-1,1-1,0-2,4-0,2-0,1-1,1-3,0-1,0-1,0-2,1-1,0-3,1-1,0-1,3-0,0-1,0-2,0-1,0-2,0-1,2-0,0-2,1-2,0-2,1-2
2019,Cleveland Cavaliers,2-0,0-4,0-1,1-3,1-1,NA,0-2,2-0,2-2,0-1,0-1,1-2,0-2,0-1,1-1,1-3,0-3,1-1,0-2,1-3,0-2,0-3,1-3,NA,1-0,NA,2-0,0-3,0-1,2-1
2019,Dallas Mavericks,1-1,0-2,1-0,1-1,1-1,2-0,NA,2-1,1-0,3-0,1-2,1-1,0-3,1-3,2-1,0-2,2-0,3-0,4-0,0-2,1-1,2-0,2-0,1-3,2-2,3-1,3-1,1-1,1-2,1-1
2019,Denver Nuggets,1-1,1-1,1-1,NA,2-0,0-2,1-2,NA,1-1,1-1,2-2,1-1,1-2,1-3,2-1,1-1,2-0,4-0,1-2,2-0,2-1,2-0,1-1,4-0,3-1,2-1,2-0,1-1,3-0,1-1
2019,Detroit Pistons,2-1,1-1,1-2,0-4,0-4,2-2,0-1,1-1,NA,1-0,1-0,3-1,0-1,0-1,0-2,0-1,0-3,0-1,1-1,1-2,0-2,1-1,0-3,2-0,0-1,1-1,1-1,0-3,0-2,1-3
2019,Golden State Warriors,0-1,0-2,0-1,2-0,0-2,1-0,0-3,1-1,0-1,NA,1-2,0-1,0-3,0-3,1-2,0-2,0-1,1-2,2-2,0-1,0-3,1-1,1-1,2-2,1-2,0-3,0-2,0-1,0-4,1-1
2019,Houston Rockets,2-0,2-0,1-1,1-0,1-1,1-0,2-1,2-2,0-1,2-1,NA,1-1,2-2,2-1,2-1,1-1,1-1,4-0,3-1,1-1,1-2,1-1,1-1,2-1,1-3,2-1,1-2,1-0,2-1,1-0
2019,Indiana Pacers,2-1,1-1,2-1,4-0,3-1,2-1,1-1,1-1,1-3,1-0,1-1,NA,0-1,2-0,2-0,1-3,1-3,2-0,0-2,2-1,2-0,3-0,3-1,1-1,1-1,1-0,1-0,1-3,1-1,2-0
2019,Los Angeles Clippers,1-1,1-1,0-1,0-1,1-0,2-0,3-0,2-1,1-0,3-0,2-2,1-0,NA,2-2,2-1,2-0,0-2,2-1,3-1,1-0,3-1,2-0,1-1,2-2,3-0,1-2,3-1,2-0,1-2,2-0
2019,Los Angeles Lakers,2-0,1-1,1-1,1-0,1-0,1-0,3-1,3-1,1-0,3-0,1-2,0-2,2-2,NA,3-1,2-0,1-1,1-0,4-0,2-0,3-1,1-1,1-1,3-0,2-1,2-1,3-0,0-2,3-0,1-0
2019,Memphis Grizzlies,2-0,0-2,2-0,0-2,2-0,1-1,1-2,1-2,2-0,2-1,1-2,0-2,1-2,1-3,NA,1-1,1-1,3-0,0-3,1-0,2-1,0-2,0-1,3-1,1-1,1-3,2-2,0-1,1-3,2-0
2019,Miami Heat,3-1,1-2,2-1,2-0,1-1,3-1,2-0,1-1,1-0,2-0,1-1,3-1,0-2,0-2,1-1,NA,2-1,0-2,1-1,1-1,1-1,3-1,3-1,1-1,1-1,1-1,1-1,2-1,1-1,3-1
2019,Milwaukee Bucks,3-0,2-1,1-1,4-0,3-0,3-0,0-2,0-2,3-0,1-0,1-1,3-1,2-0,1-1,1-1,1-2,NA,2-0,2-0,3-0,2-0,4-0,2-1,1-1,2-0,2-0,1-1,2-1,1-1,3-0
2019,Minnesota Timberwolves,1-1,0-1,2-0,1-1,1-1,1-1,0-3,0-4,1-0,2-1,0-4,0-2,1-2,0-1,0-3,2-0,0-2,NA,1-2,NA,0-3,0-2,0-1,0-2,1-1,1-2,2-0,0-2,1-2,1-1
2019,New Orleans Pelicans,NA,1-1,0-2,2-0,1-0,2-0,0-4,2-1,1-1,2-2,1-3,2-0,1-3,0-4,3-0,1-1,0-2,2-1,NA,1-0,0-4,0-2,0-1,1-1,4-0,1-2,0-2,0-2,1-3,1-0
2019,New York Knicks,2-1,0-3,2-2,2-1,0-3,3-1,2-0,0-2,2-1,1-0,1-1,1-2,0-1,0-2,0-1,1-1,0-3,NA,0-1,NA,0-1,1-1,0-4,0-2,1-1,1-1,0-2,0-2,0-2,1-3
2019,Oklahoma City Thunder,1-0,1-1,1-0,2-0,1-0,2-0,1-1,1-2,2-0,3-0,2-1,0-2,1-3,1-3,1-2,1-1,0-2,3-0,4-0,1-0,NA,2-0,1-1,2-1,2-2,2-1,2-2,1-1,2-1,1-1
2019,Orlando Magic,2-2,0-3,3-1,1-0,2-0,3-0,0-2,0-2,1-1,1-1,1-1,0-3,0-2,1-1,2-0,1-3,0-4,2-0,2-0,1-1,0-2,NA,2-1,1-1,0-2,2-0,1-1,0-4,0-2,4-0
2019,Philadelphia 76ers,2-1,3-1,3-1,2-0,1-0,3-1,0-2,1-1,3-0,1-1,1-1,1-3,1-1,1-1,1-0,1-3,1-2,1-0,1-0,4-0,1-1,1-2,NA,0-2,1-1,2-0,2-0,1-3,1-1,2-1
2019,Phoenix Suns,1-1,1-1,1-1,1-0,2-0,NA,3-1,0-4,0-2,2-2,1-2,1-1,2-2,0-3,1-3,1-1,1-1,2-0,1-1,2-0,1-2,1-1,2-0,NA,2-2,2-2,1-2,0-2,1-1,1-1
2019,Portland Trail Blazers,1-1,0-2,1-1,2-0,1-0,0-1,2-2,1-3,1-0,2-1,3-1,1-1,0-3,1-2,1-1,1-1,0-2,1-1,0-4,1-1,2-2,2-0,1-1,2-2,NA,2-2,2-1,1-1,1-2,2-0
2019,Sacramento Kings,1-0,1-1,0-2,1-1,0-2,NA,1-3,1-2,1-1,3-0,1-2,0-1,2-1,1-2,3-1,1-1,0-2,2-1,2-1,1-1,1-2,0-2,0-2,2-2,2-2,NA,1-2,0-2,1-2,2-0
2019,San Antonio Spurs,0-2,1-1,1-1,0-1,2-0,0-2,1-3,0-2,1-1,2-0,2-1,0-1,1-3,0-3,2-2,1-1,1-1,0-2,2-0,2-0,2-2,1-1,0-2,2-1,1-2,2-1,NA,1-1,3-1,1-1
2019,Toronto Raptors,3-0,1-3,3-1,3-0,2-1,3-0,1-1,1-1,3-0,1-0,0-1,3-1,0-2,2-0,1-0,1-2,1-2,2-0,2-0,2-0,1-1,4-0,3-1,2-0,1-1,2-0,1-1,NA,2-0,2-0
2019,Utah Jazz,1-0,1-1,2-0,1-0,2-0,1-0,2-1,0-3,2-0,4-0,1-2,1-1,2-1,0-3,3-1,1-1,1-1,2-1,3-1,2-0,1-2,2-0,1-1,1-1,2-1,2-1,1-3,0-2,NA,2-0
2019,Washington Wizards,2-1,2-1,2-1,1-3,2-1,1-2,1-1,1-1,3-1,1-1,0-1,0-2,0-2,0-1,0-2,1-3,0-3,1-1,0-1,3-1,1-1,0-4,1-2,1-1,0-2,0-2,1-1,0-2,0-2,NA
2018,Atlanta Hawks,NA,0-4,0-3,2-2,1-3,2-1,1-1,1-1,1-2,0-2,0-2,0-4,1-1,1-1,1-1,3-1,1-3,2-0,2-0,1-3,1-1,0-4,3-1,2-0,0-2,0-2,0-2,0-3,1-1,2-2
2018,Boston Celtics,4-0,NA,2-2,2-1,2-2,4-0,1-1,0-2,3-1,1-1,0-2,3-1,0-2,1-1,2-0,3-1,1-2,2-0,2-0,3-1,2-0,0-3,3-1,1-1,0-2,2-0,0-2,2-2,0-2,3-0
2018,Brooklyn Nets,3-0,2-2,NA,3-1,2-2,3-1,1-1,2-0,2-1,0-2,1-1,1-2,0-2,2-0,1-1,2-2,1-3,0-2,1-1,3-1,0-2,2-1,2-2,2-0,0-2,2-0,1-1,1-3,0-2,2-2
2018,Chicago Bulls,2-2,1-2,1-3,NA,1-2,3-1,0-2,0-2,0-4,0-2,0-2,0-4,0-2,0-2,2-0,1-2,0-4,0-2,0-2,1-2,1-1,2-2,1-3,2-0,0-2,0-2,1-1,0-4,0-2,3-1
2018,Charlotte Hornets,3-1,2-2,2-2,2-1,NA,3-1,0-2,1-1,4-0,0-2,0-2,1-2,0-2,0-2,2-0,2-2,1-3,1-1,1-1,2-1,0-2,2-2,0-4,2-0,0-2,1-1,2-0,2-1,0-2,3-1
2018,Cleveland Cavaliers,1-2,0-4,1-3,1-3,1-3,NA,0-2,0-2,1-3,0-2,1-1,1-3,0-2,1-1,1-1,0-4,1-3,0-2,0-2,3-0,0-2,1-2,1-2,1-1,0-2,0-2,0-2,1-3,0-2,2-2
2018,Dallas Mavericks,1-1,1-1,1-1,2-0,2-0,2-0,NA,0-3,1-1,2-2,2-2,1-1,2-2,0-3,1-3,0-2,0-2,2-1,1-3,1-1,3-1,1-1,1-1,2-2,2-2,0-3,0-4,0-2,1-3,1-1
2018,Denver Nuggets,1-1,2-0,0-2,2-0,1-1,2-0,3-0,NA,1-1,1-3,1-3,1-1,3-1,2-1,2-1,2-0,0-2,4-0,2-2,2-0,4-0,2-0,1-1,3-1,3-1,3-0,2-2,2-0,1-3,1-1
2018,Detroit Pistons,2-1,1-3,1-2,4-0,0-4,3-1,1-1,1-1,NA,1-1,1-1,1-3,1-1,1-1,2-0,2-2,0-4,2-0,1-1,4-0,0-2,3-1,1-3,2-0,1-1,0-2,0-2,3-0,0-2,2-1
2018,Golden State Warriors,2-0,1-1,2-0,2-0,2-0,2-0,2-2,3-1,1-1,NA,1-3,2-0,3-1,3-1,3-1,1-1,1-1,3-1,3-0,2-0,2-1,1-1,1-1,3-1,2-2,4-0,1-2,0-2,2-1,2-0
2018,Houston Rockets,2-0,2-0,1-1,2-0,2-0,1-1,2-2,3-1,1-1,3-1,NA,2-0,1-2,3-1,3-1,1-1,0-2,1-2,2-2,2-0,1-3,1-1,1-1,3-0,1-2,4-0,3-1,2-0,2-2,1-1
2018,Indiana Pacers,4-0,1-3,2-1,4-0,2-1,3-1,1-1,1-1,3-1,0-2,0-2,NA,1-1,1-1,1-1,3-0,1-3,1-1,2-0,4-0,1-1,1-3,1-3,2-0,0-2,1-1,1-1,1-2,2-0,3-1
2018,Los Angeles Clippers,1-1,2-0,2-0,2-0,2-0,2-0,2-2,1-3,1-1,1-3,2-1,1-1,NA,2-2,3-1,1-1,1-1,2-1,1-2,2-0,2-2,2-0,0-2,4-0,1-3,4-0,2-2,0-2,1-2,1-1
2018,Los Angeles Lakers,1-1,1-1,0-2,2-0,2-0,1-1,3-0,1-2,1-1,1-3,1-3,1-1,2-2,NA,1-2,2-0,0-2,1-3,3-1,0-2,1-2,0-2,0-2,3-1,2-2,3-1,1-3,0-2,2-2,1-1
2018,Memphis Grizzlies,1-1,0-2,1-1,0-2,0-2,1-1,3-1,1-2,0-2,1-3,1-3,1-1,1-3,2-1,NA,0-2,1-1,2-2,2-2,1-1,1-2,1-1,1-1,2-1,2-2,1-3,2-2,0-2,3-1,1-1
2018,Miami Heat,1-3,1-3,2-2,2-1,2-2,4-0,2-0,0-2,2-2,1-1,1-1,0-3,1-1,0-2,2-0,NA,1-3,0-2,2-0,3-0,1-1,1-3,1-2,1-1,2-0,0-2,2-0,0-4,1-1,3-1
2018,Milwaukee Bucks,3-1,2-1,3-1,4-0,3-1,3-1,2-0,2-0,4-0,1-1,2-0,3-1,1-1,2-0,1-1,3-1,NA,2-0,2-0,3-1,0-2,2-1,2-1,0-2,1-1,2-0,1-1,3-1,1-1,2-1
2018,Minnesota Timberwolves,0-2,0-2,2-0,2-0,1-1,2-0,1-2,0-4,0-2,1-3,2-1,1-1,1-2,3-1,2-2,2-0,0-2,NA,2-2,2-0,3-1,1-1,0-2,2-1,1-3,2-2,1-3,0-2,1-3,1-1
2018,New Orleans Pelicans,0-2,0-2,1-1,2-0,1-1,2-0,3-1,2-2,1-1,0-3,2-2,0-2,2-1,1-3,2-2,0-2,0-2,2-2,NA,1-1,2-2,0-2,0-2,2-2,0-3,3-1,1-3,1-1,1-2,1-1
2018,New York Knicks,3-1,1-3,1-3,2-1,1-2,0-3,1-1,0-2,0-4,0-2,0-2,0-4,0-2,2-0,1-1,0-3,1-3,0-2,1-1,NA,0-2,1-3,0-4,0-2,0-2,0-2,1-1,0-4,0-2,1-3
2018,Oklahoma City Thunder,1-1,0-2,2-0,1-1,2-0,2-0,1-3,0-4,2-0,1-2,3-1,1-1,2-2,2-1,2-1,1-1,2-0,1-3,2-2,2-0,NA,2-0,1-1,4-0,4-0,1-3,1-2,1-1,4-0,1-1
2018,Orlando Magic,4-0,3-0,1-2,2-2,2-2,2-1,1-1,0-2,1-3,1-1,1-1,3-1,0-2,2-0,1-1,3-1,1-2,1-1,2-0,3-1,0-2,NA,2-2,1-1,0-2,0-2,1-1,2-2,1-1,1-3
2018,Philadelphia 76ers,1-3,1-3,2-2,3-1,4-0,2-1,1-1,1-1,3-1,1-1,1-1,3-1,2-0,2-0,1-1,2-1,1-2,2-0,2-0,4-0,1-1,2-2,NA,2-0,0-2,1-1,1-1,1-3,2-0,2-1
2018,Phoenix Suns,0-2,1-1,0-2,0-2,0-2,1-1,2-2,1-3,0-2,1-3,0-3,0-2,0-4,1-3,1-2,1-1,2-0,1-2,2-2,2-0,0-4,1-1,0-2,NA,0-3,1-3,1-3,0-2,0-4,0-2
2018,Portland Trail Blazers,2-0,2-0,2-0,2-0,2-0,2-0,2-2,1-3,1-1,2-2,2-1,2-0,3-1,2-2,2-2,0-2,1-1,3-1,3-0,2-0,0-4,2-0,2-0,3-0,NA,2-1,2-2,1-1,2-2,1-1
2018,Sacramento Kings,2-0,0-2,0-2,2-0,1-1,2-0,3-0,0-3,2-0,0-4,0-4,1-1,0-4,1-3,3-1,2-0,0-2,2-2,1-3,2-0,3-1,2-0,1-1,3-1,1-2,NA,3-0,0-2,1-3,1-1
2018,San Antonio Spurs,2-0,2-0,1-1,1-1,0-2,2-0,4-0,2-2,2-0,2-1,1-3,1-1,2-2,3-1,2-2,0-2,1-1,3-1,3-1,1-1,2-1,1-1,1-1,3-1,2-2,0-3,NA,1-1,1-2,2-0
2018,Toronto Raptors,3-0,2-2,3-1,4-0,1-2,3-1,2-0,0-2,0-3,2-0,0-2,2-1,2-0,2-0,2-0,4-0,1-3,2-0,1-1,4-0,1-1,2-2,3-1,2-0,1-1,2-0,1-1,NA,2-0,4-0
2018,Utah Jazz,1-1,2-0,2-0,2-0,2-0,2-0,3-1,3-1,2-0,1-2,2-2,0-2,2-1,2-2,1-3,1-1,1-1,3-1,2-1,2-0,0-4,1-1,0-2,4-0,2-2,3-1,2-1,0-2,NA,2-0
2018,Washington Wizards,2-2,0-3,2-2,1-3,1-3,2-2,1-1,1-1,1-2,0-2,1-1,1-3,1-1,1-1,1-1,1-3,1-2,1-1,1-1,3-1,1-1,3-1,1-2,2-0,1-1,1-1,0-2,0-4,0-2,NA
2017,Atlanta Hawks,NA,1-3,1-3,0-3,0-4,1-3,2-0,1-1,1-3,0-2,0-2,1-3,0-2,0-2,1-1,1-3,0-3,1-1,1-1,2-1,0-2,2-2,0-3,1-1,1-1,1-1,1-1,0-4,2-0,2-2
2017,Boston Celtics,3-1,NA,4-0,3-1,3-0,1-2,2-0,2-0,2-1,1-1,1-1,2-2,1-1,1-1,2-0,1-2,2-2,2-0,0-2,3-1,2-0,3-1,3-1,2-0,2-0,2-0,1-1,2-2,1-1,1-3
2017,Brooklyn Nets,3-1,0-4,NA,3-0,1-2,1-3,2-0,0-2,1-3,0-2,0-2,0-4,0-2,0-2,2-0,3-1,1-2,1-1,0-2,0-4,1-1,3-1,1-3,1-1,1-1,0-2,0-2,0-4,1-1,2-1
2017,Chicago Bulls,3-0,1-3,0-3,NA,3-1,0-4,2-0,0-2,1-3,0-2,0-2,1-3,0-2,0-2,2-0,1-3,2-2,1-1,0-2,3-1,0-2,4-0,1-2,0-2,0-2,0-2,0-2,0-4,1-1,1-2
2017,Charlotte Hornets,4-0,0-3,2-1,1-3,NA,0-3,1-1,1-1,2-1,1-1,0-2,2-2,1-1,1-1,2-0,0-4,2-2,1-1,0-2,2-2,1-1,4-0,0-4,2-0,0-2,2-0,0-2,0-4,1-1,3-1
2017,Cleveland Cavaliers,3-1,2-1,3-1,4-0,3-0,NA,2-0,1-1,3-1,0-2,0-2,1-3,1-1,1-1,2-0,2-1,3-1,1-1,1-1,2-2,1-1,2-2,2-2,2-0,1-1,1-1,0-2,2-1,1-1,3-1
2017,Dallas Mavericks,0-2,0-2,0-2,0-2,1-1,0-2,NA,2-2,1-1,0-4,0-4,2-0,1-2,1-3,3-1,0-2,1-1,0-4,1-3,1-1,2-2,1-1,0-2,0-3,1-2,2-2,1-3,1-1,0-3,2-0
2017,Denver Nuggets,1-1,0-2,2-0,2-0,1-1,1-1,2-2,NA,2-0,2-2,0-3,1-1,1-2,2-2,3-1,1-1,2-0,1-3,2-1,1-1,3-1,2-0,0-2,2-1,3-1,3-1,2-2,1-1,2-2,1-1
2017,Detroit Pistons,3-1,1-2,3-1,3-1,1-2,1-3,1-1,0-2,NA,1-1,1-1,3-1,1-1,1-1,1-1,2-2,2-2,2-0,0-2,3-0,1-1,1-2,0-4,2-0,1-1,2-0,1-1,0-4,0-2,1-3
2017,Golden State Warriors,2-0,1-1,2-0,2-0,1-1,2-0,4-0,2-2,1-1,NA,1-2,0-2,3-1,4-0,2-1,2-0,1-1,2-1,3-1,2-0,2-2,2-0,2-0,4-0,1-2,2-2,3-1,2-0,1-3,2-0
2017,Houston Rockets,2-0,1-1,2-0,2-0,2-0,2-0,4-0,3-0,1-1,2-1,NA,2-0,2-2,3-1,2-2,2-0,2-0,4-0,3-1,2-0,1-2,2-0,1-1,4-0,4-0,2-1,3-1,0-2,4-0,1-1
2017,Indiana Pacers,3-1,2-2,4-0,3-1,2-2,3-1,0-2,1-1,1-3,2-0,0-2,NA,2-0,1-1,2-0,2-2,3-1,1-1,0-2,2-1,0-2,3-0,2-1,2-0,0-2,2-0,2-0,1-3,1-1,1-2
2017,Los Angeles Clippers,2-0,1-1,2-0,2-0,1-1,1-1,2-1,2-1,1-1,1-3,2-2,0-2,NA,3-1,2-2,0-2,2-0,0-4,1-3,1-1,0-3,2-0,0-2,4-0,1-3,4-0,1-2,2-0,1-3,1-1
2017,Los Angeles Lakers,2-0,1-1,2-0,2-0,1-1,1-1,3-1,2-2,1-1,0-4,1-3,1-1,1-3,NA,2-2,1-1,0-2,0-4,0-3,1-1,2-2,1-1,1-1,3-1,0-3,2-2,3-0,0-2,0-3,1-1
2017,Memphis Grizzlies,1-1,0-2,0-2,0-2,0-2,0-2,1-3,1-3,1-1,1-2,2-2,0-2,2-2,2-2,NA,0-2,0-2,2-1,2-2,1-1,0-4,0-2,1-1,1-3,2-2,2-1,0-4,0-2,0-3,0-2
2017,Miami Heat,3-1,2-1,1-3,3-1,4-0,1-2,2-0,1-1,2-2,0-2,0-2,2-2,2-0,1-1,2-0,NA,3-0,1-1,0-2,2-2,0-2,2-2,2-2,2-0,0-2,0-2,0-2,2-1,2-0,2-2
2017,Milwaukee Bucks,3-0,2-2,2-1,2-2,2-2,1-3,1-1,0-2,2-2,1-1,0-2,1-3,0-2,2-0,2-0,0-3,NA,1-1,0-2,4-0,1-1,3-1,2-2,2-0,2-0,2-0,2-0,1-2,1-1,2-2
2017,Minnesota Timberwolves,1-1,0-2,1-1,1-1,1-1,1-1,4-0,3-1,0-2,1-2,0-4,1-1,4-0,4-0,1-2,1-1,1-1,NA,4-0,2-0,3-1,1-1,0-2,2-2,2-2,3-0,1-2,1-1,2-2,1-1
2017,New Orleans Pelicans,1-1,2-0,2-0,2-0,2-0,1-1,3-1,1-2,2-0,1-3,1-3,2-0,3-1,3-0,2-2,2-0,2-0,0-4,NA,1-1,2-1,1-1,1-1,3-0,2-2,2-2,3-1,0-2,1-3,0-2
2017,New York Knicks,1-2,1-3,4-0,1-3,2-2,2-2,1-1,1-1,0-3,0-2,0-2,1-2,1-1,1-1,1-1,2-2,0-4,0-2,1-1,NA,1-1,1-3,0-4,2-0,0-2,1-1,0-2,1-3,2-0,1-2
2017,Oklahoma City Thunder,2-0,0-2,1-1,2-0,1-1,1-1,2-2,1-3,1-1,2-2,2-1,2-0,3-0,2-2,4-0,2-0,1-1,1-3,1-2,1-1,NA,1-1,2-0,2-1,0-4,3-1,2-2,2-0,3-1,1-1
2017,Orlando Magic,2-2,1-3,1-3,0-4,0-4,2-2,1-1,0-2,2-1,0-2,0-2,0-3,0-2,1-1,2-0,2-2,1-3,1-1,1-1,3-1,1-1,NA,0-3,2-0,0-2,0-2,1-1,0-3,0-2,1-3
2017,Philadelphia 76ers,3-0,1-3,3-1,2-1,4-0,2-2,2-0,2-0,4-0,0-2,1-1,1-2,2-0,1-1,1-1,2-2,2-2,2-0,1-1,4-0,0-2,3-0,NA,1-1,1-1,0-2,2-0,1-3,2-0,2-2
2017,Phoenix Suns,1-1,0-2,1-1,2-0,0-2,0-2,3-0,1-2,0-2,0-4,0-4,0-2,0-4,1-3,3-1,0-2,0-2,2-2,0-3,0-2,1-2,0-2,1-1,NA,0-4,3-1,0-4,0-2,1-3,1-1
2017,Portland Trail Blazers,1-1,0-2,1-1,2-0,2-0,1-1,2-1,1-3,1-1,2-1,0-4,2-0,3-1,3-0,2-2,2-0,0-2,2-2,2-2,2-0,4-0,2-0,1-1,4-0,NA,3-1,1-2,0-2,2-2,1-1
2017,Sacramento Kings,1-1,0-2,2-0,2-0,0-2,1-1,2-2,1-3,0-2,2-2,1-2,0-2,0-4,2-2,1-2,2-0,0-2,0-3,2-2,1-1,1-3,2-0,2-0,1-3,1-3,NA,0-4,0-2,0-3,0-2
2017,San Antonio Spurs,1-1,1-1,2-0,2-0,2-0,2-0,3-1,2-2,1-1,1-3,1-3,0-2,2-1,0-3,4-0,2-0,0-2,2-1,1-3,2-0,2-2,1-1,0-2,4-0,2-1,4-0,NA,1-1,1-3,1-1
2017,Toronto Raptors,4-0,2-2,4-0,4-0,4-0,1-2,1-1,1-1,4-0,0-2,2-0,3-1,0-2,2-0,2-0,1-2,2-1,1-1,2-0,3-1,0-2,3-0,3-1,2-0,2-0,2-0,1-1,NA,1-1,2-2
2017,Utah Jazz,0-2,1-1,1-1,1-1,1-1,1-1,3-0,2-2,2-0,3-1,0-4,1-1,3-1,3-0,3-0,0-2,1-1,2-2,3-1,0-2,1-3,2-0,0-2,3-1,2-2,3-0,3-1,1-1,NA,2-0
2017,Washington Wizards,2-2,3-1,1-2,2-1,1-3,1-3,0-2,1-1,3-1,0-2,1-1,2-1,1-1,1-1,2-0,2-2,2-2,1-1,2-0,2-1,1-1,3-1,2-2,1-1,1-1,2-0,1-1,2-2,0-2,NA
2016,Atlanta Hawks,NA,2-1,2-2,3-1,1-3,3-1,2-0,2-0,1-2,0-2,2-0,1-2,0-2,0-2,1-1,2-2,3-1,0-2,1-1,3-1,1-1,2-2,4-0,1-1,1-1,1-1,1-1,2-1,0-2,1-3
2016,Boston Celtics,1-2,NA,4-0,2-2,4-0,1-3,2-0,0-2,3-1,1-1,1-1,3-0,1-1,2-0,2-0,4-0,2-1,2-0,1-1,3-1,0-2,3-0,3-1,1-1,1-1,1-1,0-2,1-3,2-0,2-2
2016,Brooklyn Nets,2-2,0-4,NA,1-3,1-3,0-3,0-2,1-1,2-1,0-2,0-2,1-3,1-1,1-1,1-1,0-3,0-4,1-1,1-1,2-2,0-2,1-2,1-3,2-0,0-2,1-1,0-2,0-4,0-2,0-4
2016,Chicago Bulls,1-3,2-2,3-1,NA,2-1,4-0,0-2,0-2,2-2,1-1,0-2,2-2,0-2,1-1,1-1,2-1,1-3,0-2,2-0,0-3,1-1,3-1,3-1,1-1,1-1,2-0,1-1,2-1,2-0,1-3
2016,Charlotte Hornets,3-1,0-4,3-1,1-2,NA,0-4,2-0,2-0,1-3,0-2,0-2,2-2,0-2,2-0,1-1,2-2,1-2,1-1,0-2,1-2,2-0,4-0,1-2,1-1,1-1,1-1,0-2,2-2,1-1,1-3
2016,Cleveland Cavaliers,1-3,3-1,3-0,0-4,4-0,NA,1-1,1-1,2-2,1-1,1-1,3-1,0-2,2-0,1-1,1-3,3-1,2-0,1-1,4-0,1-1,3-0,3-0,2-0,1-1,1-1,0-2,3-1,1-1,2-1
2016,Dallas Mavericks,0-2,0-2,2-0,2-0,0-2,1-1,NA,1-3,0-2,0-3,0-4,1-1,2-2,4-0,2-2,1-1,2-0,1-2,2-2,1-1,1-2,1-1,1-1,1-3,2-2,1-2,1-3,0-2,1-3,2-0
2016,Denver Nuggets,0-2,2-0,1-1,2-0,0-2,1-1,3-1,NA,0-2,1-2,0-4,2-0,3-1,2-1,0-3,1-1,2-0,2-2,3-1,2-0,1-3,2-0,1-1,4-0,1-3,2-2,0-3,0-2,2-2,0-2
2016,Detroit Pistons,2-1,1-3,1-2,2-2,3-1,2-2,2-0,2-0,NA,0-2,1-1,0-4,1-1,2-0,1-1,2-2,1-3,2-0,1-1,2-2,1-1,1-3,2-1,1-1,2-0,0-2,0-2,1-3,0-2,1-2
2016,Golden State Warriors,2-0,1-1,2-0,1-1,2-0,1-1,3-0,2-1,2-0,NA,3-1,2-0,4-0,3-1,2-2,1-1,2-0,3-1,4-0,2-0,4-0,2-0,2-0,4-0,4-0,3-1,1-2,2-0,2-1,1-1
2016,Houston Rockets,0-2,1-1,2-0,2-0,2-0,1-1,4-0,4-0,1-1,1-3,NA,0-2,2-1,2-1,2-2,0-2,1-1,3-1,3-1,2-0,3-1,2-0,2-0,4-0,2-1,4-0,1-3,1-1,1-2,2-0
2016,Indiana Pacers,2-1,0-3,3-1,2-2,2-2,1-3,1-1,0-2,4-0,0-2,2-0,NA,2-0,1-1,1-1,1-2,1-3,1-1,1-1,1-3,2-0,4-0,3-1,1-1,1-1,2-0,0-2,1-2,1-1,1-3
2016,Los Angeles Clippers,2-0,1-1,1-1,2-0,2-0,2-0,2-2,1-3,1-1,0-4,1-2,0-2,NA,3-1,3-1,2-0,0-2,1-2,2-1,2-0,2-2,2-0,1-1,4-0,3-0,3-1,3-1,1-1,3-1,1-1
2016,Los Angeles Lakers,2-0,0-2,1-1,1-1,0-2,0-2,0-4,1-2,0-2,1-3,1-2,1-1,1-3,NA,2-1,1-1,1-1,2-2,2-2,1-1,1-2,1-1,1-1,2-2,0-4,2-2,1-3,0-2,0-4,0-2
2016,Memphis Grizzlies,1-1,0-2,1-1,1-1,1-1,1-1,2-2,3-0,1-1,2-2,2-2,1-1,1-3,1-2,NA,1-1,1-1,3-1,2-2,1-1,1-3,1-1,2-0,3-0,1-2,2-2,2-2,1-1,3-1,1-1
2016,Miami Heat,2-2,0-4,3-0,1-2,2-2,3-1,1-1,1-1,2-2,1-1,2-0,2-1,0-2,1-1,1-1,NA,3-1,2-0,1-1,1-2,0-2,1-3,2-2,1-1,0-2,2-0,0-2,1-3,1-1,4-0
2016,Milwaukee Bucks,1-3,1-2,4-0,3-1,2-1,1-3,0-2,0-2,3-1,0-2,1-1,3-1,2-0,1-1,1-1,1-3,NA,1-1,1-1,2-1,1-1,2-1,2-2,2-0,2-0,2-0,1-1,1-3,0-2,1-3
2016,Minnesota Timberwolves,2-0,0-2,1-1,2-0,1-1,0-2,2-1,2-2,0-2,1-3,1-3,1-1,2-1,2-2,1-3,0-2,1-1,NA,0-3,0-2,1-3,2-0,1-1,3-0,1-3,1-3,0-4,1-1,1-3,1-1
2016,New Orleans Pelicans,1-1,1-1,1-1,0-2,2-0,1-1,2-2,1-3,1-1,0-4,1-3,1-1,1-2,2-2,2-2,1-1,1-1,3-0,NA,2-0,0-4,1-1,1-1,3-1,3-1,1-2,1-3,0-2,0-3,0-2
2016,New York Knicks,1-3,1-3,2-2,3-0,2-1,0-4,1-1,0-2,2-2,0-2,0-2,3-1,0-2,1-1,1-1,2-1,1-2,2-0,0-2,NA,0-2,3-1,2-2,0-2,1-1,2-0,1-1,0-4,0-2,0-4
2016,Oklahoma City Thunder,1-1,2-0,2-0,1-1,0-2,1-1,2-1,3-1,1-1,0-4,1-3,0-2,2-2,2-1,3-1,2-0,1-1,3-1,4-0,2-0,NA,1-1,2-0,2-2,1-3,2-1,1-2,1-1,3-1,1-1
2016,Orlando Magic,2-2,0-3,2-1,1-3,0-4,0-3,1-1,0-2,3-1,0-2,0-2,0-4,0-2,1-1,1-1,3-1,1-2,0-2,1-1,1-3,1-1,NA,3-1,1-1,1-1,1-1,1-1,2-2,0-2,2-2
2016,Philadelphia 76ers,0-4,1-3,3-1,1-3,2-1,0-3,1-1,1-1,1-2,0-2,0-2,1-3,1-1,1-1,0-2,2-2,2-2,1-1,1-1,2-2,0-2,1-3,NA,1-1,1-1,1-1,0-2,1-3,0-2,2-1
2016,Phoenix Suns,1-1,1-1,0-2,1-1,1-1,0-2,3-1,0-4,1-1,0-4,0-4,1-1,0-4,2-2,0-3,1-1,0-2,0-3,1-3,2-0,2-2,1-1,1-1,NA,1-3,1-3,1-2,2-0,0-3,0-2
2016,Portland Trail Blazers,1-1,1-1,2-0,1-1,1-1,1-1,2-2,3-1,0-2,0-4,1-2,1-1,0-3,4-0,2-1,2-0,0-2,3-1,1-3,1-1,3-1,1-1,1-1,3-1,NA,2-1,2-2,0-2,2-2,0-2
2016,Sacramento Kings,1-1,1-1,1-1,0-2,1-1,1-1,2-1,2-2,2-0,1-3,0-4,0-2,1-3,2-2,2-2,0-2,0-2,3-1,2-1,0-2,1-2,1-1,1-1,3-1,1-2,NA,0-4,2-0,1-3,0-2
2016,San Antonio Spurs,1-1,2-0,2-0,1-1,2-0,2-0,3-1,3-0,2-0,2-1,3-1,2-0,1-3,3-1,2-2,2-0,1-1,4-0,3-1,1-1,2-1,1-1,2-0,2-1,2-2,4-0,NA,2-0,2-2,2-0
2016,Toronto Raptors,1-2,3-1,4-0,1-2,2-2,1-3,2-0,2-0,3-1,0-2,1-1,2-1,1-1,2-0,1-1,3-1,3-1,1-1,2-0,4-0,1-1,2-2,3-1,0-2,2-0,0-2,0-2,NA,2-0,2-1
2016,Utah Jazz,2-0,0-2,2-0,0-2,1-1,1-1,3-1,2-2,2-0,1-2,2-1,1-1,1-3,4-0,1-3,1-1,2-0,3-1,3-0,2-0,1-3,2-0,2-0,3-0,2-2,3-1,2-2,0-2,NA,2-0
2016,Washington Wizards,3-1,2-2,4-0,3-1,3-1,1-2,0-2,2-0,2-1,1-1,0-2,3-1,1-1,2-0,1-1,0-4,3-1,1-1,2-0,4-0,1-1,2-2,1-2,2-0,2-0,2-0,0-2,1-2,0-2,NA
2015,Atlanta Hawks,NA,3-1,2-1,4-0,3-1,0-3,2-0,2-0,3-1,0-2,2-0,2-2,1-1,2-0,2-0,1-3,1-2,0-2,2-0,2-2,1-1,2-2,3-0,1-1,2-0,1-1,0-2,1-3,1-1,2-2
2015,Boston Celtics,1-3,NA,2-2,2-1,2-1,1-2,0-2,2-0,2-2,1-1,1-1,1-3,1-1,1-1,1-1,3-0,3-1,1-1,2-0,3-1,1-1,2-2,4-0,2-0,1-1,2-0,0-2,1-3,1-1,4-0
2015,Brooklyn Nets,1-2,2-2,NA,1-2,0-4,1-3,0-2,2-0,1-3,0-2,2-0,1-3,0-2,0-2,0-2,1-3,0-3,0-2,0-2,2-2,1-1,0-4,2-2,2-0,0-2,1-1,0-2,0-4,1-1,0-3
2015,Chicago Bulls,0-4,1-2,2-1,NA,1-3,3-1,0-2,1-1,1-3,0-2,2-0,3-1,1-1,2-0,1-1,0-4,3-1,0-2,2-0,1-3,2-0,1-2,4-0,1-1,1-1,2-0,1-1,4-0,1-1,1-2
2015,Charlotte Hornets,1-3,1-2,4-0,3-1,NA,1-3,1-1,0-2,2-1,0-2,1-1,3-0,0-2,2-0,2-0,2-2,3-1,2-0,1-1,3-1,0-2,3-1,4-0,1-1,1-1,2-0,1-1,1-2,1-1,2-2
2015,Cleveland Cavaliers,3-0,2-1,3-1,1-3,3-1,NA,2-0,2-0,1-3,0-2,1-1,3-1,2-0,2-0,1-1,1-2,3-1,2-0,1-1,4-0,2-0,4-0,4-0,2-0,1-1,2-0,1-1,1-2,1-1,2-2
2015,Dallas Mavericks,0-2,2-0,2-0,2-0,1-1,0-2,NA,3-1,1-1,1-3,2-2,0-2,1-3,3-0,3-1,0-2,1-1,4-0,2-2,2-0,0-4,1-1,2-0,3-0,2-1,1-3,0-4,0-2,2-1,1-1
2015,Denver Nuggets,0-2,0-2,0-2,1-1,2-0,0-2,1-3,NA,2-0,1-3,3-0,1-1,1-2,3-1,1-3,0-2,1-1,3-1,1-2,2-0,0-4,0-2,2-0,2-2,1-3,0-3,1-3,2-0,0-4,2-0
2015,Detroit Pistons,1-3,2-2,3-1,3-1,1-2,3-1,1-1,0-2,NA,1-1,2-0,1-3,0-2,1-1,0-2,2-2,3-1,2-0,0-2,1-2,1-1,3-0,4-0,2-0,2-0,1-1,0-2,1-2,2-0,1-3
2015,Golden State Warriors,2-0,1-1,2-0,2-0,2-0,2-0,3-1,3-1,1-1,NA,3-0,2-0,4-0,3-1,4-0,2-0,1-1,2-1,3-0,2-0,3-0,2-0,2-0,4-0,3-1,4-0,3-1,2-0,4-0,2-0
2015,Houston Rockets,0-2,1-1,0-2,0-2,1-1,1-1,2-2,0-3,0-2,0-3,NA,1-1,2-2,4-0,2-2,1-1,1-1,3-0,3-1,1-1,2-2,1-1,2-0,2-1,2-2,3-1,1-3,2-0,2-2,1-1
2015,Indiana Pacers,2-2,3-1,3-1,1-3,0-3,1-3,2-0,1-1,3-1,0-2,1-1,NA,1-1,2-0,0-2,2-2,3-1,2-0,2-0,3-0,1-1,3-1,3-0,2-0,0-2,0-2,1-1,1-3,0-2,2-1
2015,Los Angeles Clippers,1-1,1-1,2-0,1-1,2-0,0-2,3-1,2-1,2-0,0-4,2-2,1-1,NA,4-0,2-1,2-0,2-0,3-1,3-1,2-0,1-3,2-0,2-0,2-2,3-1,3-1,1-2,0-2,2-1,2-0
2015,Los Angeles Lakers,0-2,1-1,2-0,0-2,0-2,0-2,0-3,1-3,1-1,1-3,0-4,0-2,0-4,NA,1-3,1-1,1-1,1-2,2-1,0-2,0-4,1-1,1-1,1-3,0-3,0-4,0-4,0-2,1-3,1-1
2015,Memphis Grizzlies,0-2,1-1,2-0,1-1,0-2,1-1,1-3,3-1,2-0,0-4,2-2,2-0,1-2,3-1,NA,1-1,1-1,2-2,4-0,2-0,1-2,1-1,2-0,2-2,2-2,3-0,0-4,0-2,1-2,1-1
2015,Miami Heat,3-1,0-3,3-1,4-0,2-2,2-1,2-0,2-0,2-2,0-2,1-1,2-2,0-2,1-1,1-1,NA,1-2,1-1,2-0,3-1,1-1,3-1,3-0,2-0,1-1,2-0,0-2,1-3,1-1,2-2
2015,Milwaukee Bucks,2-1,1-3,3-0,1-3,1-3,1-3,1-1,1-1,1-3,1-1,1-1,1-3,0-2,1-1,1-1,2-1,NA,2-0,1-1,2-2,0-2,2-2,3-0,2-0,1-1,0-2,0-2,0-4,0-2,1-3
2015,Minnesota Timberwolves,2-0,1-1,2-0,2-0,0-2,0-2,0-4,1-3,0-2,1-2,0-3,0-2,1-3,2-1,2-2,1-1,0-2,NA,2-2,0-2,1-3,0-2,1-1,2-2,1-3,4-0,0-3,1-1,1-3,1-1
2015,New Orleans Pelicans,0-2,0-2,2-0,0-2,1-1,1-1,2-2,2-1,2-0,0-3,1-3,0-2,1-3,1-2,0-4,0-2,1-1,2-2,NA,1-1,1-2,0-2,1-1,2-2,1-3,4-0,1-3,0-2,2-2,1-1
2015,New York Knicks,2-2,1-3,2-2,3-1,1-3,0-4,0-2,0-2,2-1,0-2,1-1,0-3,0-2,2-0,0-2,1-3,2-2,2-0,1-1,NA,1-1,1-2,4-0,2-0,1-1,0-2,0-2,1-3,1-1,1-2
2015,Oklahoma City Thunder,1-1,1-1,1-1,0-2,2-0,0-2,4-0,4-0,1-1,0-3,2-2,1-1,3-1,4-0,2-1,1-1,2-0,3-1,2-1,1-1,NA,2-0,2-0,3-0,2-2,2-2,2-2,1-1,4-0,2-0
2015,Orlando Magic,2-2,2-2,4-0,2-1,1-3,0-4,1-1,2-0,0-3,0-2,1-1,1-3,0-2,1-1,1-1,1-3,2-2,2-0,2-0,2-1,0-2,NA,3-1,0-2,1-1,1-1,0-2,1-2,2-0,0-4
2015,Philadelphia 76ers,0-3,0-4,2-2,0-4,0-4,0-4,0-2,0-2,0-4,0-2,0-2,0-3,0-2,1-1,0-2,0-3,0-3,1-1,1-1,0-4,0-2,1-3,NA,2-0,1-1,1-1,0-2,0-4,0-2,0-4
2015,Phoenix Suns,1-1,0-2,0-2,1-1,1-1,0-2,0-3,2-2,0-2,0-4,1-2,0-2,2-2,3-1,2-2,0-2,0-2,2-2,2-2,0-2,0-3,2-0,0-2,NA,2-1,1-3,0-4,1-1,0-4,0-2
2015,Portland Trail Blazers,0-2,1-1,2-0,1-1,1-1,1-1,1-2,3-1,0-2,1-3,2-2,2-0,1-3,3-0,2-2,1-1,1-1,3-1,3-1,1-1,2-2,1-1,1-1,1-2,NA,4-0,0-3,0-2,3-1,2-0
2015,Sacramento Kings,1-1,0-2,1-1,0-2,0-2,0-2,3-1,3-0,1-1,0-4,1-3,2-0,1-3,4-0,0-3,0-2,2-0,0-4,0-4,2-0,2-2,1-1,1-1,3-1,0-4,NA,0-3,2-0,2-1,1-1
2015,San Antonio Spurs,2-0,2-0,2-0,1-1,1-1,1-1,4-0,3-1,2-0,1-3,3-1,1-1,2-1,4-0,4-0,2-0,2-0,3-0,3-1,2-0,2-2,2-0,2-0,4-0,3-0,3-0,NA,1-1,4-0,1-1
2015,Toronto Raptors,3-1,3-1,4-0,0-4,2-1,2-1,2-0,0-2,2-1,0-2,0-2,3-1,2-0,2-0,2-0,3-1,4-0,1-1,2-0,3-1,1-1,2-1,4-0,1-1,2-0,0-2,1-1,NA,1-1,4-0
2015,Utah Jazz,1-1,1-1,1-1,1-1,1-1,1-1,1-2,4-0,0-2,0-4,2-2,2-0,1-2,3-1,2-1,1-1,2-0,3-1,2-2,1-1,0-4,0-2,2-0,4-0,1-3,1-2,0-4,1-1,NA,1-1
2015,Washington Wizards,2-2,0-4,3-0,2-1,2-2,2-2,1-1,0-2,3-1,0-2,1-1,1-2,0-2,1-1,1-1,2-2,3-1,1-1,1-1,2-1,0-2,4-0,4-0,2-0,0-2,1-1,1-1,0-4,1-1,NA
2014,Atlanta Hawks,NA,2-1,4-0,2-1,2-2,3-1,2-0,1-1,3-1,1-1,2-0,3-0,2-0,1-1,1-1,4-0,3-1,2-0,1-1,2-1,1-1,3-1,3-1,2-0,2-0,2-0,0-2,1-3,2-0,3-1
2014,Boston Celtics,1-2,NA,3-1,1-3,2-2,2-2,0-2,2-0,2-1,0-2,0-2,3-1,0-2,1-1,1-1,1-3,1-2,1-1,2-0,3-1,0-2,2-2,4-0,1-1,1-1,1-1,0-2,2-2,2-0,1-2
2014,Brooklyn Nets,0-4,1-3,NA,1-3,2-1,1-3,1-1,2-0,2-1,1-1,0-2,2-1,1-1,2-0,0-2,0-4,1-3,1-1,0-2,4-0,2-0,3-0,3-1,0-2,1-1,2-0,1-1,2-2,0-2,2-2
2014,Chicago Bulls,1-2,3-1,3-1,NA,2-2,1-3,1-1,1-1,2-2,1-1,1-1,2-2,1-1,1-1,1-1,2-1,3-1,2-0,2-0,3-0,1-1,2-2,3-0,1-1,1-1,1-1,1-1,4-0,1-1,2-2
2014,Charlotte Hornets,2-2,2-2,1-2,2-2,NA,0-3,0-2,2-0,2-2,0-2,0-2,1-3,0-2,1-1,0-2,2-2,2-1,2-0,1-1,3-1,0-2,2-2,2-1,1-1,0-2,0-2,0-2,2-2,1-1,2-2
2014,Cleveland Cavaliers,1-3,2-2,3-1,3-1,3-0,NA,1-1,1-1,3-1,1-1,0-2,2-2,2-0,2-0,2-0,2-2,3-1,2-0,1-1,2-1,1-1,3-0,2-1,1-1,1-1,1-1,1-1,3-1,1-1,3-1
2014,Dallas Mavericks,0-2,2-0,1-1,1-1,2-0,1-1,NA,2-1,1-1,0-4,1-3,0-2,1-2,4-0,1-3,1-1,2-0,3-0,3-1,2-0,3-1,2-0,2-0,1-3,2-2,3-0,2-2,2-0,3-1,2-0
2014,Denver Nuggets,1-1,0-2,0-2,1-1,0-2,1-1,1-2,NA,1-1,1-2,0-4,2-0,1-3,3-1,1-2,1-1,1-1,3-1,3-1,1-1,1-3,2-0,0-2,1-2,0-4,2-2,0-4,0-2,2-2,0-2
2014,Detroit Pistons,1-3,1-2,1-2,2-2,2-2,1-3,1-1,1-1,NA,0-2,1-1,2-2,0-2,0-2,1-1,2-1,1-3,0-2,0-2,3-1,1-1,3-1,1-3,1-1,0-2,2-0,1-1,2-2,0-2,1-2
2014,Golden State Warriors,1-1,2-0,1-1,1-1,2-0,1-1,4-0,2-1,2-0,NA,4-0,1-1,3-1,3-1,2-1,2-0,2-0,4-0,3-1,2-0,3-1,2-0,2-0,3-1,3-0,4-0,1-2,2-0,3-1,2-0
2014,Houston Rockets,0-2,2-0,2-0,1-1,2-0,2-0,3-1,4-0,1-1,0-4,NA,2-0,2-2,2-1,2-2,2-0,2-0,4-0,2-2,2-0,3-0,1-1,2-0,3-1,1-2,3-0,1-3,1-1,3-1,1-1
2014,Indiana Pacers,0-3,1-3,1-2,2-2,3-1,2-2,2-0,0-2,2-2,1-1,0-2,NA,0-2,1-1,0-2,3-1,2-2,1-1,2-0,4-0,1-1,3-0,3-1,0-2,0-2,0-2,0-2,0-3,2-0,2-2
2014,Los Angeles Clippers,0-2,2-0,1-1,1-1,2-0,0-2,2-1,3-1,2-0,1-3,2-2,2-0,NA,4-0,2-2,1-1,1-1,3-0,2-1,2-0,2-1,2-0,2-0,4-0,3-1,3-1,2-2,0-2,4-0,1-1
2014,Los Angeles Lakers,1-1,1-1,0-2,1-1,1-1,0-2,0-4,1-3,2-0,1-3,1-2,1-1,0-4,NA,0-4,0-2,1-1,3-1,0-4,0-2,0-3,1-1,2-0,0-4,0-4,1-3,1-2,1-1,1-2,0-2
2014,Memphis Grizzlies,1-1,1-1,2-0,1-1,2-0,0-2,3-1,2-1,1-1,1-2,2-2,2-0,2-2,4-0,NA,2-0,1-1,2-1,2-2,2-0,3-1,2-0,2-0,3-0,4-0,3-1,2-2,1-1,2-2,0-2
2014,Miami Heat,0-4,3-1,4-0,1-2,2-2,2-2,1-1,1-1,1-2,0-2,0-2,1-3,1-1,2-0,0-2,NA,0-4,1-1,0-2,3-0,0-2,3-1,3-1,2-0,1-1,2-0,0-2,1-2,1-1,1-3
2014,Milwaukee Bucks,1-3,2-1,3-1,1-3,1-2,1-3,0-2,1-1,3-1,0-2,0-2,2-2,1-1,1-1,1-1,4-0,NA,2-0,0-2,4-0,1-1,2-2,4-0,1-1,1-1,2-0,0-2,1-2,0-2,1-2
2014,Minnesota Timberwolves,0-2,1-1,1-1,0-2,0-2,0-2,0-3,1-3,2-0,0-4,0-4,1-1,0-3,1-3,1-2,1-1,0-2,NA,0-4,2-0,0-4,0-2,0-2,1-3,2-2,0-3,0-4,0-2,1-3,1-1
2014,New Orleans Pelicans,1-1,0-2,2-0,0-2,1-1,1-1,1-3,1-3,2-0,1-3,2-2,0-2,1-2,4-0,2-2,2-0,2-0,4-0,NA,1-1,3-1,1-1,1-1,2-1,0-3,3-1,3-1,2-0,2-1,0-2
2014,New York Knicks,1-2,1-3,0-4,0-3,1-3,1-2,0-2,1-1,1-3,0-2,0-2,0-4,0-2,2-0,0-2,0-3,0-4,0-2,1-1,NA,1-1,2-2,3-1,0-2,0-2,0-2,1-1,1-3,0-2,0-4
2014,Oklahoma City Thunder,1-1,2-0,0-2,1-1,2-0,1-1,1-3,3-1,1-1,1-3,0-3,1-1,1-2,3-0,1-3,2-0,1-1,4-0,1-3,1-1,NA,2-0,2-0,3-1,1-3,3-1,1-2,1-1,2-2,2-0
2014,Orlando Magic,1-3,2-2,0-3,2-2,2-2,0-3,0-2,0-2,1-3,0-2,1-1,0-3,0-2,1-1,0-2,1-3,2-2,2-0,1-1,2-2,0-2,NA,2-1,1-1,1-1,2-0,0-2,0-4,1-1,0-4
2014,Philadelphia 76ers,1-3,0-4,1-3,0-3,1-2,1-2,0-2,2-0,3-1,0-2,0-2,1-3,0-2,0-2,0-2,1-3,0-4,2-0,1-1,1-3,0-2,1-2,NA,0-2,0-2,1-1,0-2,0-4,0-2,1-3
2014,Phoenix Suns,0-2,1-1,2-0,1-1,1-1,1-1,3-1,2-1,1-1,1-3,1-3,2-0,0-4,4-0,0-3,0-2,1-1,3-1,1-2,2-0,1-3,1-1,2-0,NA,1-3,1-3,1-3,1-1,2-1,2-0
2014,Portland Trail Blazers,0-2,1-1,1-1,1-1,2-0,1-1,2-2,4-0,2-0,0-3,2-1,2-0,1-3,4-0,0-4,1-1,1-1,2-2,3-0,2-0,3-1,1-1,2-0,3-1,NA,2-1,3-1,2-0,2-2,1-1
2014,Sacramento Kings,0-2,1-1,0-2,1-1,2-0,1-1,0-3,2-2,0-2,0-4,0-3,2-0,1-3,3-1,1-3,0-2,0-2,3-0,1-3,2-0,1-3,0-2,1-1,3-1,1-2,NA,1-3,0-2,1-3,1-1
2014,San Antonio Spurs,2-0,2-0,1-1,1-1,2-0,1-1,2-2,4-0,1-1,2-1,3-1,2-0,2-2,2-1,2-2,2-0,2-0,4-0,1-3,1-1,2-1,2-0,2-0,3-1,1-3,3-1,NA,1-1,1-2,1-1
2014,Toronto Raptors,3-1,2-2,2-2,0-4,2-2,1-3,0-2,2-0,2-2,0-2,1-1,3-0,2-0,1-1,1-1,2-1,2-1,2-0,0-2,3-1,1-1,4-0,4-0,1-1,0-2,2-0,1-1,NA,2-0,3-0
2014,Utah Jazz,0-2,0-2,2-0,1-1,1-1,1-1,1-3,2-2,2-0,1-3,1-3,0-2,0-4,2-1,2-2,1-1,2-0,3-1,1-2,2-0,2-2,1-1,2-0,1-2,2-2,3-1,2-1,0-2,NA,0-2
2014,Washington Wizards,1-3,2-1,2-2,2-2,2-2,1-3,0-2,2-0,2-1,0-2,1-1,2-2,1-1,2-0,2-0,3-1,2-1,1-1,2-0,4-0,0-2,4-0,3-1,0-2,1-1,1-1,1-1,0-3,2-0,NA
2013,Atlanta Hawks,NA,2-2,1-2,0-4,3-1,3-0,1-1,1-1,2-2,0-2,1-1,2-2,1-1,1-1,0-2,2-2,3-0,1-1,0-2,2-2,0-2,2-2,3-0,0-2,0-2,2-0,0-2,2-2,2-0,1-3
2013,Boston Celtics,2-2,NA,1-3,0-3,2-1,3-0,0-2,1-1,1-3,0-2,0-2,0-4,0-2,0-2,0-2,2-1,2-2,1-1,0-2,2-2,0-2,3-1,1-3,0-2,0-2,1-1,0-2,1-3,1-1,1-3
2013,Brooklyn Nets,2-1,3-1,NA,1-2,2-2,2-2,2-0,1-1,1-3,1-1,1-1,0-4,1-1,1-1,2-0,4-0,3-0,1-1,1-1,1-3,1-1,2-2,3-1,2-0,0-2,1-1,1-1,2-2,2-0,0-3
2013,Charlotte Bobcats,1-3,1-2,2-2,1-3,NA,4-0,1-1,2-0,3-0,2-0,0-2,1-2,1-1,1-1,1-1,0-4,4-0,1-1,1-1,2-2,0-2,2-2,3-1,0-2,1-1,2-0,0-2,3-0,0-2,3-1
2013,Chicago Bulls,4-0,3-0,2-1,NA,3-1,3-1,1-1,1-1,3-1,1-1,1-1,2-2,0-2,2-0,1-1,2-2,3-1,1-1,0-2,2-2,0-2,2-1,3-1,2-0,0-2,1-1,1-1,2-2,1-1,1-2
2013,Cleveland Cavaliers,0-3,0-3,2-2,1-3,0-4,NA,0-2,2-0,3-1,1-1,0-2,1-3,1-1,1-1,1-1,0-3,2-2,1-1,0-2,2-2,1-1,4-0,3-1,1-1,0-2,1-1,0-2,1-2,2-0,2-2
2013,Dallas Mavericks,1-1,2-0,0-2,1-1,1-1,2-0,NA,1-3,2-0,1-3,2-2,2-0,1-3,3-0,3-1,0-2,2-0,1-3,4-0,1-1,2-1,2-0,2-0,2-1,2-1,3-1,0-4,0-2,4-0,2-0
2013,Denver Nuggets,1-1,1-1,1-1,1-1,0-2,0-2,3-1,NA,1-1,2-2,1-2,1-1,2-2,3-0,1-3,1-1,2-0,2-2,2-2,1-1,1-3,2-0,1-1,0-4,0-4,1-2,0-3,1-1,2-2,2-0
2013,Detroit Pistons,2-2,3-1,3-1,1-3,0-3,1-3,0-2,1-1,NA,0-2,0-2,1-3,0-2,0-2,0-2,1-3,3-1,0-2,0-2,2-1,0-2,1-2,3-1,1-1,0-2,2-0,1-1,0-3,1-1,2-2
2013,Golden State Warriors,2-0,2-0,1-1,1-1,0-2,1-1,3-1,2-2,2-0,NA,1-2,1-1,2-2,3-1,2-2,1-1,2-0,2-1,3-0,1-1,1-2,2-0,2-0,2-2,2-2,4-0,0-4,1-1,4-0,1-1
2013,Houston Rockets,1-1,2-0,1-1,1-1,2-0,2-0,2-2,2-1,2-0,2-1,NA,1-1,0-4,3-1,2-2,1-1,2-0,3-1,3-1,2-0,1-3,2-0,1-1,2-1,3-1,2-2,4-0,1-1,2-1,2-0
2013,Indiana Pacers,2-2,4-0,4-0,2-2,2-1,3-1,0-2,1-1,3-1,1-1,1-1,NA,2-0,2-0,1-1,2-2,4-0,1-1,2-0,2-1,1-1,3-1,3-0,0-2,1-1,2-0,1-1,2-2,2-0,2-1
2013,Los Angeles Clippers,1-1,2-0,1-1,2-0,1-1,1-1,3-1,2-2,2-0,2-2,4-0,0-2,NA,3-1,1-2,0-2,2-0,4-0,3-1,2-0,2-2,1-1,2-0,3-1,1-2,4-0,1-2,2-0,3-0,2-0
2013,Los Angeles Lakers,1-1,2-0,1-1,0-2,1-1,1-1,0-3,0-3,2-0,1-3,1-3,0-2,1-3,NA,1-3,0-2,0-2,1-3,1-2,1-1,1-3,1-1,1-1,1-3,1-2,3-1,1-3,1-1,2-2,0-2
2013,Memphis Grizzlies,2-0,2-0,0-2,1-1,1-1,1-1,1-3,3-1,2-0,2-2,2-2,1-1,2-1,3-1,NA,1-1,2-0,2-2,1-3,2-0,1-3,2-0,2-0,4-0,2-1,3-0,0-4,0-2,3-0,2-0
2013,Miami Heat,2-2,1-2,0-4,2-2,4-0,3-0,2-0,1-1,3-1,1-1,1-1,2-2,2-0,2-0,1-1,NA,3-0,1-1,1-1,3-1,1-1,4-0,1-2,2-0,2-0,1-1,1-1,4-0,1-1,2-2
2013,Milwaukee Bucks,0-3,2-2,0-3,1-3,0-4,2-2,0-2,0-2,1-3,0-2,0-2,0-4,0-2,2-0,0-2,0-3,NA,0-2,0-2,1-3,0-2,2-2,2-1,0-2,0-2,0-2,0-2,0-4,1-1,1-3
2013,Minnesota Timberwolves,1-1,1-1,1-1,1-1,1-1,1-1,3-1,2-2,2-0,1-2,1-3,1-1,0-4,3-1,2-2,1-1,2-0,NA,2-1,1-1,1-3,1-1,2-0,1-2,1-3,2-2,1-2,0-2,3-1,1-1
2013,New Orleans Pelicans,2-0,2-0,1-1,2-0,1-1,2-0,0-4,2-2,2-0,0-3,1-3,0-2,1-3,2-1,3-1,1-1,2-0,1-2,NA,1-1,1-2,1-1,2-0,0-4,1-3,1-3,0-4,0-2,2-2,0-2
2013,New York Knicks,2-2,2-2,3-1,2-2,2-2,2-2,1-1,1-1,1-2,1-1,0-2,1-2,0-2,1-1,0-2,1-3,3-1,1-1,1-1,NA,0-2,2-1,3-1,1-1,0-2,1-1,1-1,2-2,2-0,0-3
2013,Oklahoma City Thunder,2-0,2-0,1-1,2-0,2-0,1-1,1-2,3-1,2-0,2-1,3-1,1-1,2-2,3-1,3-1,1-1,2-0,3-1,2-1,2-0,NA,1-1,2-0,1-2,2-2,4-0,4-0,1-1,3-1,1-1
2013,Orlando Magic,2-2,1-3,2-2,1-2,2-2,0-4,0-2,0-2,2-1,0-2,0-2,1-3,1-1,1-1,0-2,0-4,2-2,1-1,1-1,1-2,1-1,NA,3-1,0-2,1-1,0-2,0-2,0-3,0-2,0-4
2013,Philadelphia 76ers,0-3,3-1,1-3,1-3,1-3,1-3,0-2,1-1,1-3,0-2,1-1,0-3,0-2,1-1,0-2,2-1,1-2,0-2,0-2,1-3,0-2,1-3,NA,0-2,1-1,1-1,0-2,0-4,0-2,1-3
2013,Phoenix Suns,2-0,2-0,0-2,0-2,2-0,1-1,1-2,4-0,1-1,2-2,1-2,2-0,1-3,3-1,0-4,0-2,2-0,2-1,4-0,1-1,2-1,2-0,2-0,NA,3-1,2-2,1-3,2-0,2-2,1-1
2013,Portland Trail Blazers,2-0,2-0,2-0,2-0,1-1,2-0,1-2,4-0,2-0,2-2,1-3,1-1,2-1,2-1,1-2,0-2,2-0,3-1,3-1,2-0,2-2,1-1,1-1,1-3,NA,3-1,2-2,2-0,4-0,1-1
2013,Sacramento Kings,0-2,1-1,1-1,1-1,0-2,1-1,1-3,2-1,0-2,0-4,2-2,0-2,0-4,1-3,0-3,1-1,2-0,2-2,3-1,1-1,0-4,2-0,1-1,2-2,1-3,NA,0-3,1-1,1-2,1-1
2013,San Antonio Spurs,2-0,2-0,1-1,1-1,2-0,2-0,4-0,3-0,1-1,4-0,0-4,1-1,2-1,3-1,4-0,1-1,2-0,2-1,4-0,1-1,0-4,2-0,2-0,3-1,2-2,3-0,NA,2-0,4-0,2-0
2013,Toronto Raptors,2-2,3-1,2-2,2-2,0-3,2-1,2-0,1-1,3-0,1-1,1-1,2-2,0-2,1-1,2-0,0-4,4-0,2-0,2-0,2-2,1-1,3-0,4-0,0-2,0-2,1-1,0-2,NA,2-0,3-1
2013,Utah Jazz,0-2,1-1,0-2,1-1,2-0,0-2,0-4,2-2,1-1,0-4,1-2,0-2,0-3,2-2,0-3,1-1,1-1,1-3,2-2,0-2,1-3,2-0,2-0,2-2,0-4,2-1,0-4,0-2,NA,1-1
2013,Washington Wizards,3-1,3-1,3-0,2-1,1-3,2-2,0-2,0-2,2-2,1-1,0-2,1-2,0-2,2-0,0-2,2-2,3-1,1-1,2-0,3-0,1-1,4-0,3-1,1-1,1-1,1-1,0-2,1-3,1-1,NA
2012,Atlanta Hawks,NA,1-3,2-2,1-2,4-0,2-2,1-1,1-1,2-1,0-2,0-2,2-2,1-1,1-1,2-0,0-4,4-0,1-1,1-1,0-3,1-1,4-0,2-2,1-1,1-1,2-0,0-2,2-1,2-0,3-1
2012,Boston Celtics,3-1,NA,1-3,2-2,2-2,2-2,1-1,1-1,1-2,1-1,1-1,2-0,1-1,1-1,0-2,1-3,1-3,1-1,0-2,1-3,1-1,3-0,2-2,2-0,1-1,1-1,0-2,3-1,2-0,3-0
2012,Brooklyn Nets,2-2,3-1,NA,1-3,3-0,3-0,1-1,1-1,4-0,0-2,0-2,3-0,1-1,0-2,0-2,0-3,2-2,1-1,2-0,2-2,1-1,4-0,3-1,2-0,2-0,2-0,0-2,3-1,0-2,3-1
2012,Charlotte Bobcats,0-4,2-2,0-3,1-2,NA,1-2,1-1,0-2,1-3,0-2,0-2,1-3,0-2,0-2,0-2,0-4,2-2,2-0,0-2,1-2,0-2,3-1,1-3,0-2,0-2,0-2,0-2,2-2,0-2,3-1
2012,Chicago Bulls,2-1,2-2,3-1,NA,2-1,3-1,1-1,0-2,3-1,2-0,0-2,1-3,0-2,1-1,0-2,2-2,2-2,2-0,1-1,4-0,0-2,4-0,3-0,1-1,0-2,1-1,0-2,1-2,2-0,2-2
2012,Cleveland Cavaliers,2-2,2-2,0-3,1-3,2-1,NA,0-2,0-2,0-4,0-2,0-2,0-4,1-1,1-1,0-2,0-4,2-2,0-2,1-1,0-3,1-1,3-1,1-3,0-2,1-1,0-2,0-2,2-2,1-1,3-0
2012,Dallas Mavericks,1-1,1-1,1-1,1-1,1-1,2-0,NA,1-2,2-0,1-2,3-1,0-2,1-2,1-3,1-3,0-2,1-1,2-2,3-1,1-1,0-4,2-0,1-1,3-1,3-1,4-0,0-4,1-1,1-2,2-0
2012,Denver Nuggets,1-1,1-1,1-1,2-0,2-0,2-0,2-1,NA,2-0,3-1,4-0,2-0,2-1,3-1,3-1,0-2,2-0,2-2,2-1,1-1,3-1,1-1,1-1,2-1,3-1,4-0,2-2,1-1,3-1,0-2
2012,Detroit Pistons,1-2,2-1,0-4,1-3,3-1,4-0,0-2,0-2,NA,0-2,0-2,0-4,0-2,0-2,0-2,1-2,3-1,0-2,0-2,0-4,0-2,2-2,2-1,1-1,1-1,1-1,1-1,2-2,0-2,4-0
2012,Golden State Warriors,2-0,1-1,2-0,0-2,2-0,2-0,2-1,1-3,2-0,NA,1-3,1-1,3-1,1-3,0-3,1-1,0-2,4-0,4-0,1-1,1-3,0-2,1-1,4-0,3-0,1-3,2-2,2-0,1-2,2-0
2012,Houston Rockets,2-0,1-1,2-0,2-0,2-0,2-0,1-3,0-4,2-0,3-1,NA,0-2,1-2,2-2,1-3,0-2,1-1,2-1,3-1,2-0,1-2,2-0,1-1,2-2,2-2,2-1,1-3,1-1,3-1,1-1
2012,Indiana Pacers,2-2,0-2,0-3,3-1,3-1,4-0,2-0,0-2,4-0,1-1,2-0,NA,1-1,1-1,2-0,2-1,2-2,1-1,2-0,2-2,0-2,2-1,2-2,2-0,1-1,2-0,0-2,2-2,1-1,3-1
2012,Los Angeles Clippers,1-1,1-1,1-1,2-0,2-0,1-1,2-1,1-2,2-0,1-3,2-1,1-1,NA,4-0,3-1,1-1,2-0,4-0,3-1,2-0,0-3,1-1,2-0,3-1,3-1,3-1,2-2,1-1,4-0,1-1
2012,Los Angeles Lakers,1-1,1-1,2-0,1-1,2-0,1-1,3-1,1-3,2-0,3-1,2-2,1-1,0-4,NA,1-2,0-2,1-1,3-0,4-0,1-1,1-3,1-1,1-1,2-2,3-1,3-1,1-2,1-1,1-2,1-1
2012,Memphis Grizzlies,0-2,2-0,2-0,2-0,2-0,2-0,3-1,1-3,2-0,3-0,3-1,0-2,1-3,2-1,NA,1-1,2-0,3-0,2-2,1-1,2-1,2-0,1-1,2-2,3-1,4-0,2-2,2-0,3-1,1-1
2012,Miami Heat,4-0,3-1,3-0,2-2,4-0,4-0,2-0,2-0,2-1,1-1,2-0,1-2,1-1,2-0,1-1,NA,3-1,2-0,2-0,1-3,2-0,4-0,4-0,2-0,1-1,2-0,2-0,3-0,1-1,3-1
2012,Milwaukee Bucks,0-4,3-1,2-2,2-2,2-2,2-2,1-1,0-2,1-3,2-0,1-1,2-2,0-2,1-1,0-2,1-3,NA,0-2,1-1,0-3,1-1,2-1,3-1,2-0,2-0,2-0,0-2,3-0,1-1,1-2
2012,Minnesota Timberwolves,1-1,1-1,1-1,0-2,0-2,2-0,2-2,2-2,2-0,0-4,1-2,1-1,0-4,0-3,0-3,0-2,2-0,NA,3-1,0-2,2-2,1-1,2-0,3-1,0-4,2-1,2-2,0-2,0-4,1-1
2012,New Orleans Hornets,1-1,2-0,0-2,1-1,2-0,1-1,1-3,1-2,2-0,0-4,1-3,0-2,1-3,0-4,2-2,0-2,1-1,1-3,NA,0-2,0-4,1-1,1-1,2-1,2-1,2-1,1-3,0-2,1-3,0-2
2012,New York Knicks,3-0,3-1,2-2,0-4,2-1,3-0,1-1,1-1,4-0,1-1,0-2,2-2,0-2,1-1,1-1,3-1,3-0,2-0,2-0,NA,1-1,4-0,3-1,2-0,0-2,1-1,2-0,2-2,2-0,3-1
2012,Oklahoma City Thunder,1-1,1-1,1-1,2-0,2-0,1-1,4-0,1-3,2-0,3-1,2-1,2-0,3-0,3-1,1-2,0-2,1-1,2-2,4-0,1-1,NA,2-0,2-0,4-0,4-0,3-0,2-2,2-0,3-1,1-1
2012,Orlando Magic,0-4,0-3,0-4,0-4,1-3,1-3,0-2,1-1,2-2,2-0,0-2,1-2,1-1,1-1,0-2,0-4,1-2,1-1,1-1,0-4,0-2,NA,2-1,2-0,1-1,0-2,0-2,0-4,0-2,2-2
2012,Philadelphia 76ers,2-2,2-2,1-3,0-3,3-1,3-1,1-1,1-1,1-2,1-1,1-1,2-2,0-2,1-1,1-1,0-4,1-3,0-2,1-1,1-3,0-2,1-2,NA,1-1,1-1,2-0,0-2,3-1,1-1,2-1
2012,Phoenix Suns,1-1,0-2,0-2,1-1,2-0,2-0,1-3,1-2,1-1,0-4,2-2,0-2,1-3,2-2,2-2,0-2,0-2,1-3,1-2,0-2,0-4,0-2,1-1,NA,2-1,2-2,1-2,0-2,1-3,0-2
2012,Portland Trail Blazers,1-1,1-1,0-2,2-0,2-0,1-1,1-3,1-3,1-1,0-3,2-2,1-1,1-3,1-3,1-3,1-1,0-2,4-0,1-2,2-0,0-4,1-1,1-1,1-2,NA,2-2,2-1,1-1,1-3,0-2
2012,Sacramento Kings,0-2,1-1,0-2,1-1,2-0,2-0,0-4,0-4,1-1,3-1,1-2,0-2,1-3,1-3,0-4,0-2,0-2,1-2,1-2,1-1,0-3,2-0,0-2,2-2,2-2,NA,0-4,2-0,2-2,2-0
2012,San Antonio Spurs,2-0,2-0,2-0,2-0,2-0,2-0,4-0,2-2,1-1,2-2,3-1,2-0,2-2,2-1,2-2,0-2,2-0,2-2,3-1,0-2,2-2,2-0,2-0,2-1,1-2,4-0,NA,2-0,2-1,2-0
2012,Toronto Raptors,1-2,1-3,1-3,2-1,2-2,2-2,1-1,1-1,2-2,0-2,1-1,2-2,1-1,1-1,0-2,0-3,0-3,2-0,2-0,2-2,0-2,4-0,1-3,2-0,1-1,0-2,0-2,NA,0-2,2-2
2012,Utah Jazz,0-2,0-2,2-0,0-2,2-0,1-1,2-1,1-3,2-0,2-1,1-3,1-1,0-4,2-1,1-3,1-1,1-1,4-0,3-1,0-2,1-3,2-0,1-1,3-1,3-1,2-2,1-2,2-0,NA,2-0
2012,Washington Wizards,1-3,0-3,1-3,2-2,1-3,0-3,0-2,2-0,0-4,0-2,1-1,1-3,1-1,1-1,1-1,1-3,2-1,1-1,2-0,1-3,1-1,2-2,1-2,2-0,2-0,0-2,0-2,2-2,0-2,NA
2011,Atlanta Hawks,NA,1-2,4-0,1-3,4-0,3-0,1-0,0-1,3-1,0-1,0-1,2-1,1-1,0-1,0-1,1-3,2-1,1-0,1-0,1-2,1-0,3-0,0-3,1-1,1-1,1-0,0-1,3-1,1-0,3-0
2011,Boston Celtics,2-1,NA,3-0,1-3,3-0,2-1,0-2,0-1,1-2,1-0,1-0,2-2,1-0,0-2,1-0,3-1,3-0,1-0,0-1,2-2,0-2,3-0,1-2,0-1,1-0,0-1,0-1,2-2,1-0,4-0
2011,Charlotte Bobcats,0-4,0-3,0-4,0-3,NA,0-3,0-1,0-1,0-4,1-0,0-2,0-3,0-1,0-1,0-1,0-3,1-2,0-2,1-1,1-3,0-1,1-3,0-3,0-1,0-1,0-1,0-1,2-1,0-1,0-4
2011,Chicago Bulls,3-1,3-1,2-1,NA,3-0,3-0,1-0,0-1,4-0,0-1,0-1,2-1,1-0,1-0,1-1,2-2,4-0,1-0,2-0,3-1,0-1,2-1,2-1,1-0,0-1,2-0,1-0,3-0,1-0,2-1
2011,Cleveland Cavaliers,0-3,1-2,2-2,0-3,3-0,NA,1-0,1-0,2-2,0-1,1-0,1-3,1-0,0-1,0-1,0-3,0-4,1-0,0-1,2-2,1-0,0-3,0-3,1-1,0-1,1-0,0-2,1-3,0-2,1-2
2011,Dallas Mavericks,0-1,2-0,0-1,0-1,1-0,0-1,NA,3-1,1-0,2-1,3-0,0-1,1-2,0-4,1-2,0-2,1-0,1-2,2-1,1-1,1-3,1-0,1-0,3-1,2-1,2-1,2-2,1-0,3-1,1-0
2011,Denver Nuggets,1-0,1-0,1-0,1-0,1-0,0-1,1-3,NA,1-0,1-2,3-1,1-0,1-3,1-3,0-3,1-0,2-0,3-1,2-2,1-0,1-2,2-0,1-0,3-0,1-2,3-0,1-2,1-1,1-2,1-0
2011,Detroit Pistons,1-3,2-1,2-1,0-4,4-0,2-2,0-1,0-1,NA,0-1,0-1,1-2,0-1,1-0,0-2,0-3,1-3,0-2,1-0,0-3,0-1,2-1,1-3,0-1,1-0,2-0,0-1,2-1,0-1,2-1
2011,Golden State Warriors,1-0,0-1,0-2,1-0,0-1,1-0,1-2,2-1,1-0,NA,1-2,0-2,2-2,0-4,0-4,1-0,0-1,2-1,1-2,1-0,0-3,0-1,0-2,2-1,1-3,3-1,0-3,0-1,1-3,1-0
2011,Houston Rockets,1-0,0-1,1-0,1-0,2-0,0-1,0-3,1-3,1-0,2-1,NA,0-1,0-3,2-1,2-2,0-1,0-1,1-3,2-1,1-0,2-2,0-1,1-0,2-2,3-0,3-0,2-2,1-1,1-2,2-0
2011,Indiana Pacers,1-2,2-2,3-1,1-2,3-0,3-1,1-0,0-1,2-1,2-0,1-0,NA,1-0,1-0,0-1,1-3,3-0,2-0,2-0,1-2,1-0,1-3,2-2,0-1,1-0,0-1,0-1,3-0,1-0,3-0
2011,Los Angeles Clippers,1-1,0-1,1-1,0-1,1-0,0-1,2-1,3-1,1-0,2-2,3-0,0-1,NA,1-2,2-1,1-0,1-0,1-3,2-1,0-1,3-1,1-0,1-0,1-3,3-1,3-0,1-2,1-0,2-1,2-0
2011,Los Angeles Lakers,1-0,2-0,1-0,0-1,1-0,1-0,4-0,3-1,0-1,4-0,1-2,0-1,2-1,NA,2-1,1-1,0-1,4-0,3-0,1-1,1-2,0-1,0-1,2-2,2-1,1-2,1-2,1-0,2-2,0-1
2011,Memphis Grizzlies,1-0,0-1,1-0,1-1,1-0,1-0,2-1,3-0,2-0,4-0,2-2,1-0,1-2,1-2,NA,1-0,1-0,4-0,3-1,1-0,1-3,1-0,1-0,1-2,1-2,2-1,0-4,1-1,1-2,1-0
2011,Miami Heat,3-1,1-3,3-0,2-2,3-0,3-0,2-0,0-1,3-0,0-1,1-0,3-1,0-1,1-1,0-1,NA,1-2,1-0,1-0,3-0,1-1,2-2,4-0,1-0,1-0,1-0,1-0,3-0,0-1,1-2
2011,Milwaukee Bucks,1-2,0-3,3-0,0-4,2-1,4-0,0-1,0-2,3-1,1-0,1-0,0-3,0-1,1-0,0-1,2-1,NA,1-0,0-1,2-2,0-1,0-4,1-2,0-2,2-0,0-1,1-0,3-0,0-1,3-1
2011,Minnesota Timberwolves,0-1,0-1,1-0,0-1,2-0,0-1,2-1,1-3,2-0,1-2,3-1,0-2,3-1,0-4,0-4,0-1,0-1,NA,1-2,0-1,0-3,0-1,1-0,1-2,2-1,2-2,2-1,0-1,1-2,1-0
2011,New Jersey Nets,0-4,0-3,NA,1-2,4-0,2-2,1-0,0-1,1-2,2-0,0-1,1-3,1-1,0-1,0-1,0-3,0-3,0-1,0-1,1-2,0-1,0-3,2-2,1-0,0-1,1-0,0-1,2-2,0-2,2-1
2011,New Orleans Hornets,0-1,1-0,1-0,0-2,1-1,1-0,1-2,2-2,0-1,2-1,1-2,0-2,1-2,0-3,1-3,0-1,1-0,2-1,NA,1-0,0-3,1-0,0-1,1-3,0-4,1-3,0-4,0-1,2-1,0-1
2011,New York Knicks,2-1,2-2,2-1,1-3,3-1,2-2,1-1,0-1,3-0,0-1,0-1,2-1,1-0,1-1,0-1,0-3,2-2,1-0,0-1,NA,0-1,2-1,2-1,0-1,1-0,2-0,0-1,2-2,1-0,3-0
2011,Oklahoma City Thunder,0-1,2-0,1-0,1-0,1-0,0-1,3-1,2-1,1-0,3-0,2-2,0-1,1-3,2-1,3-1,1-1,1-0,3-0,3-0,1-0,NA,2-0,1-0,3-0,3-1,3-1,1-2,1-0,2-1,0-1
2011,Orlando Magic,0-3,0-3,3-0,1-2,3-1,3-0,0-1,0-2,1-2,1-0,1-0,3-1,0-1,1-0,0-1,2-2,4-0,1-0,0-1,1-2,0-2,NA,3-1,1-0,1-0,1-0,0-2,3-0,0-1,3-1
2011,Philadelphia 76ers,3-0,2-1,2-2,1-2,3-0,3-0,0-1,0-1,3-1,2-0,0-1,2-2,0-1,1-0,0-1,0-4,2-1,0-1,1-0,1-2,0-1,1-3,NA,1-0,0-1,1-0,0-2,2-1,1-1,3-1
2011,Phoenix Suns,1-1,1-0,0-1,0-1,1-0,1-1,1-3,0-3,1-0,1-2,2-2,1-0,3-1,2-2,2-1,0-1,2-0,2-1,3-1,1-0,0-3,0-1,0-1,NA,2-1,3-0,0-4,0-1,2-1,1-0
2011,Portland Trail Blazers,1-1,0-1,1-0,1-0,1-0,1-0,1-2,2-1,0-1,3-1,0-3,0-1,1-3,1-2,2-1,0-1,0-2,1-2,4-0,0-1,1-3,0-1,1-0,1-2,NA,2-2,1-2,1-0,0-4,1-1
2011,Sacramento Kings,0-1,1-0,0-1,0-2,1-0,0-1,1-2,0-3,0-2,1-3,0-3,1-0,0-3,2-1,1-2,0-1,1-0,2-2,3-1,0-2,1-3,0-1,0-1,0-3,2-2,NA,1-2,1-0,2-2,1-0
2011,San Antonio Spurs,1-0,1-0,1-0,0-1,1-0,2-0,2-2,2-1,1-0,3-0,2-2,1-0,2-1,2-1,4-0,0-1,0-1,1-2,4-0,1-0,2-1,2-0,2-0,4-0,2-1,2-1,NA,1-0,3-1,1-0
2011,Toronto Raptors,1-3,2-2,2-2,0-3,1-2,3-1,0-1,1-1,1-2,1-0,1-1,0-3,0-1,0-1,1-1,0-3,0-3,1-0,1-0,2-2,0-1,0-3,1-2,1-0,0-1,0-1,0-1,NA,1-0,2-2
2011,Utah Jazz,0-1,0-1,2-0,0-1,1-0,2-0,1-3,2-1,1-0,3-1,2-1,0-1,1-2,2-2,2-1,1-0,1-0,2-1,1-2,0-1,1-2,1-0,1-1,1-2,4-0,2-2,1-3,0-1,NA,1-0
2011,Washington Wizards,0-3,0-4,1-2,1-2,4-0,2-1,0-1,0-1,1-2,0-1,0-2,0-3,0-2,1-0,0-1,2-1,1-3,0-1,1-0,0-3,1-0,1-3,1-3,0-1,1-1,0-1,0-1,2-2,0-1,NA
2010,Atlanta Hawks,NA,1-2,2-2,1-2,2-2,3-0,0-2,0-2,3-1,2-0,0-2,3-1,2-0,0-2,2-0,1-3,2-2,2-0,0-2,2-2,0-2,3-1,2-2,0-2,2-0,2-0,0-2,3-0,1-1,3-1
2010,Boston Celtics,2-1,NA,3-1,2-2,2-2,2-1,0-2,1-1,3-1,2-0,0-2,3-1,1-1,1-1,1-1,3-1,3-0,2-0,1-1,4-0,1-1,2-1,3-1,1-1,2-0,2-0,2-0,3-1,2-0,2-2
2010,Charlotte Bobcats,2-2,2-2,3-1,2-2,NA,2-1,0-2,1-1,2-2,1-1,1-1,0-4,0-2,1-1,1-1,0-4,1-2,2-0,0-2,1-2,0-2,0-4,1-2,2-0,1-1,2-0,0-2,4-0,0-2,2-2
2010,Chicago Bulls,2-1,2-2,3-1,NA,2-2,4-0,2-0,1-1,4-0,1-1,2-0,3-1,1-1,1-1,2-0,3-0,4-0,2-0,2-0,1-2,1-1,3-1,1-2,2-0,1-1,2-0,1-1,3-1,2-0,4-0
2010,Cleveland Cavaliers,0-3,1-2,1-3,0-4,1-2,NA,0-2,0-2,2-2,0-2,0-2,0-4,1-1,1-1,1-1,1-3,1-3,0-2,0-2,3-1,0-2,0-4,2-2,0-2,0-2,1-1,0-2,1-2,0-2,2-2
2010,Dallas Mavericks,2-0,2-0,2-0,0-2,2-0,2-0,NA,1-3,1-1,3-1,4-0,1-1,4-0,1-2,1-3,2-0,0-2,3-0,2-2,2-0,2-1,1-1,2-0,4-0,2-2,3-0,1-3,1-1,4-0,2-0
2010,Denver Nuggets,2-0,1-1,1-1,1-1,1-1,2-0,3-1,NA,2-0,2-1,2-2,1-1,2-2,2-1,2-1,1-1,2-0,4-0,1-2,1-1,1-3,1-1,0-2,3-1,2-2,3-1,1-3,2-0,2-2,2-0
2010,Detroit Pistons,1-3,1-3,2-2,0-4,2-2,2-2,1-1,0-2,NA,1-1,0-2,2-2,1-1,0-2,0-2,0-4,3-1,0-2,1-1,1-2,0-2,1-2,2-1,1-1,0-2,2-0,0-2,3-1,1-1,2-1
2010,Golden State Warriors,0-2,0-2,1-1,1-1,1-1,2-0,1-3,1-2,1-1,NA,1-3,1-1,2-2,1-3,1-2,0-2,1-1,3-1,2-1,1-1,1-2,1-1,1-1,0-4,3-1,2-2,0-4,2-0,3-1,2-0
2010,Houston Rockets,2-0,2-0,2-0,0-2,1-1,2-0,0-4,2-2,2-0,3-1,NA,2-0,3-1,1-2,3-1,0-2,1-1,3-1,1-3,2-0,1-3,0-2,0-2,1-2,1-2,3-1,1-3,1-1,2-1,1-1
2010,Indiana Pacers,1-3,1-3,3-0,1-3,4-0,4-0,1-1,1-1,2-2,1-1,0-2,NA,1-1,1-1,0-2,1-2,2-2,1-1,1-1,2-2,0-2,0-3,2-2,0-2,1-1,1-1,0-2,2-1,0-2,3-1
2010,Los Angeles Clippers,0-2,1-1,0-2,1-1,2-0,1-1,0-4,2-2,1-1,2-2,1-3,1-1,NA,1-3,2-2,1-1,1-1,3-1,1-2,1-1,2-2,0-2,0-2,1-3,0-3,3-1,1-2,1-1,0-3,2-0
2010,Los Angeles Lakers,2-0,1-1,2-0,1-1,1-1,1-1,2-1,1-2,2-0,3-1,2-1,1-1,3-1,NA,2-2,0-2,1-1,4-0,4-0,2-0,2-1,1-1,2-0,3-1,3-1,3-1,2-2,2-0,2-2,2-0
2010,Memphis Grizzlies,0-2,1-1,0-2,0-2,1-1,1-1,3-1,1-2,2-0,2-1,1-3,2-0,2-2,2-2,NA,1-1,2-0,4-0,2-2,0-2,3-1,1-1,2-0,2-1,1-2,3-1,2-2,2-0,2-2,1-1
2010,Miami Heat,3-1,1-3,3-0,0-3,4-0,3-1,0-2,1-1,4-0,2-0,2-0,2-1,1-1,2-0,1-1,NA,3-1,2-0,1-1,2-2,1-1,2-2,3-0,2-0,1-1,2-0,1-1,4-0,1-1,4-0
2010,Milwaukee Bucks,2-2,0-3,3-0,0-4,2-1,3-1,2-0,0-2,1-3,1-1,1-1,2-2,1-1,1-1,0-2,1-3,NA,1-1,0-2,3-1,1-1,1-3,2-2,0-2,0-2,1-1,0-2,4-0,0-2,2-1
2010,Minnesota Timberwolves,0-2,0-2,1-1,0-2,0-2,2-0,0-3,0-4,2-0,1-3,1-3,1-1,1-3,0-4,0-4,0-2,1-1,NA,2-1,1-1,0-4,0-2,0-2,0-3,0-4,1-2,0-4,1-1,1-3,1-1
2010,New Jersey Nets,2-2,1-3,NA,1-3,1-3,3-1,0-2,1-1,2-2,1-1,0-2,0-3,2-0,0-2,2-0,0-3,0-3,1-1,1-1,0-4,0-2,0-4,0-4,0-2,1-1,1-1,0-2,2-2,1-1,1-2
2010,New Orleans Hornets,2-0,1-1,1-1,0-2,2-0,2-0,2-2,2-1,1-1,1-2,3-1,1-1,2-1,0-4,2-2,1-1,2-0,1-2,NA,0-2,1-3,2-0,1-1,3-1,3-1,3-1,2-2,1-1,2-2,2-0
2010,New York Knicks,2-2,0-4,4-0,2-1,2-1,1-3,0-2,1-1,2-1,1-1,0-2,2-2,1-1,0-2,2-0,2-2,1-3,1-1,2-0,NA,1-1,1-3,2-2,1-1,1-1,1-1,1-1,4-0,1-1,3-0
2010,Oklahoma City Thunder,2-0,1-1,2-0,1-1,2-0,2-0,1-2,3-1,2-0,2-1,3-1,2-0,2-2,1-2,1-3,1-1,1-1,4-0,3-1,1-1,NA,1-1,2-0,3-1,3-1,4-0,0-3,0-2,3-1,2-0
2010,Orlando Magic,1-3,1-2,4-0,1-3,4-0,4-0,1-1,1-1,2-1,1-1,2-0,3-0,2-0,1-1,1-1,2-2,3-1,2-0,0-2,3-1,1-1,NA,3-1,2-0,0-2,1-1,1-1,1-2,0-2,4-0
2010,Philadelphia 76ers,2-2,1-3,4-0,2-1,2-1,2-2,0-2,2-0,1-2,1-1,2-0,2-2,2-0,0-2,0-2,0-3,2-2,2-0,1-1,2-2,0-2,1-3,NA,2-0,1-1,1-1,1-1,2-2,1-1,2-2
2010,Phoenix Suns,2-0,1-1,2-0,0-2,0-2,2-0,0-4,1-3,1-1,4-0,2-1,2-0,3-1,1-3,1-2,0-2,2-0,3-0,1-3,1-1,1-3,0-2,0-2,NA,1-3,1-3,1-3,2-0,3-0,2-0
2010,Portland Trail Blazers,0-2,0-2,1-1,1-1,1-1,2-0,2-2,2-2,2-0,1-3,2-1,1-1,3-0,1-3,2-1,1-1,2-0,4-0,1-3,1-1,1-3,2-0,1-1,3-1,NA,2-1,3-1,2-0,3-1,1-1
2010,Sacramento Kings,0-2,0-2,1-1,0-2,0-2,1-1,0-3,1-3,0-2,2-2,1-3,1-1,1-3,1-3,1-3,0-2,1-1,2-1,1-3,1-1,0-4,1-1,1-1,3-1,1-2,NA,0-3,1-1,1-3,1-1
2010,San Antonio Spurs,2-0,0-2,2-0,1-1,2-0,2-0,3-1,3-1,2-0,4-0,3-1,2-0,2-1,2-2,2-2,1-1,2-0,4-0,2-2,1-1,3-0,1-1,1-1,3-1,1-3,3-0,NA,2-0,3-0,2-0
2010,Toronto Raptors,0-3,1-3,2-2,1-3,0-4,2-1,1-1,0-2,1-3,0-2,1-1,1-2,1-1,0-2,0-2,0-4,0-4,1-1,1-1,0-4,2-0,2-1,2-2,0-2,0-2,1-1,0-2,NA,0-2,2-2
2010,Utah Jazz,1-1,0-2,1-1,0-2,2-0,2-0,0-4,2-2,1-1,1-3,1-2,2-0,3-0,2-2,2-2,1-1,2-0,3-1,2-2,1-1,1-3,2-0,1-1,0-3,1-3,3-1,0-3,2-0,NA,0-2
2010,Washington Wizards,1-3,2-2,2-1,0-4,2-2,2-2,0-2,0-2,1-2,0-2,1-1,1-3,0-2,0-2,1-1,0-4,1-2,1-1,0-2,0-3,0-2,0-4,2-2,0-2,1-1,1-1,0-2,2-2,2-0,NA
2009,Atlanta Hawks,NA,4-0,3-0,3-1,2-2,1-3,1-1,1-1,2-2,1-1,2-0,3-0,2-0,1-1,2-0,1-3,2-1,2-0,1-1,1-3,0-2,1-3,2-1,1-1,2-0,2-0,1-1,3-1,2-0,4-0
2009,Boston Celtics,0-4,NA,3-1,2-2,3-0,2-2,1-1,1-1,2-1,1-1,1-1,2-1,1-1,1-1,1-1,3-0,2-2,2-0,1-1,3-1,1-1,1-3,3-1,0-2,2-0,2-0,1-1,4-0,1-1,3-1
2009,Charlotte Bobcats,2-2,0-3,2-2,1-3,NA,3-1,0-2,1-1,2-1,2-0,1-1,1-2,1-1,1-1,2-0,3-1,2-2,2-0,1-1,2-2,1-1,1-3,3-1,2-0,0-2,2-0,1-1,1-2,0-2,4-0
2009,Chicago Bulls,1-3,2-2,1-2,NA,3-1,2-2,0-2,0-2,4-0,1-1,2-0,3-1,0-2,0-2,0-2,1-3,1-3,2-0,2-0,3-1,1-1,1-2,3-1,1-1,1-1,1-1,2-0,1-2,0-2,2-1
2009,Cleveland Cavaliers,3-1,2-2,4-0,2-2,1-3,NA,1-1,0-2,4-0,2-0,1-1,3-1,2-0,2-0,1-1,3-0,3-1,2-0,2-0,3-0,2-0,2-2,3-0,2-0,2-0,2-0,1-1,3-1,1-1,2-1
2009,Dallas Mavericks,1-1,1-1,2-0,2-0,2-0,1-1,NA,2-1,2-0,3-1,2-2,2-0,3-0,2-2,3-1,2-0,2-0,3-1,2-2,1-1,2-2,1-1,1-1,2-1,1-3,4-0,3-1,1-1,1-2,1-1
2009,Denver Nuggets,1-1,1-1,2-0,2-0,1-1,2-0,1-2,NA,1-1,4-0,2-1,2-0,2-1,3-1,3-1,1-1,0-2,3-1,3-1,1-1,3-1,1-1,1-1,1-3,3-1,1-2,2-2,2-0,3-1,1-1
2009,Detroit Pistons,2-2,1-2,2-1,0-4,1-2,0-4,0-2,1-1,NA,1-1,1-1,0-4,0-2,0-2,1-1,1-2,2-2,2-0,1-1,1-3,0-2,1-3,3-1,0-2,0-2,1-1,1-1,0-4,0-2,4-0
2009,Golden State Warriors,1-1,1-1,2-0,1-1,0-2,0-2,1-3,0-4,1-1,NA,0-3,1-1,2-2,0-4,2-2,0-2,0-2,3-0,1-3,2-0,1-3,0-2,0-2,1-3,2-2,2-2,0-3,2-0,0-3,0-2
2009,Houston Rockets,0-2,1-1,2-0,0-2,1-1,1-1,2-2,1-2,1-1,3-0,NA,0-2,2-1,1-3,4-0,0-2,2-0,3-0,1-3,2-0,3-1,0-2,1-1,0-4,2-2,2-2,2-2,1-1,2-2,2-0
2009,Indiana Pacers,0-3,1-2,4-0,1-3,2-1,1-3,0-2,0-2,4-0,1-1,2-0,NA,1-1,0-2,0-2,0-4,0-4,1-1,0-2,2-2,1-1,1-3,2-1,1-1,0-2,1-1,0-2,2-2,1-1,3-1
2009,Los Angeles Clippers,0-2,1-1,1-1,2-0,1-1,0-2,0-3,1-2,2-0,2-2,1-2,1-1,NA,2-2,2-2,1-1,1-1,3-1,0-4,0-2,1-2,0-2,2-0,0-4,1-3,1-3,0-4,0-2,1-3,2-0
2009,Los Angeles Lakers,1-1,1-1,2-0,2-0,1-1,0-2,2-2,1-3,2-0,4-0,3-1,2-0,2-2,NA,2-1,1-1,2-0,3-0,2-1,2-0,3-1,1-1,2-0,3-1,1-2,4-0,2-2,1-1,3-1,2-0
2009,Memphis Grizzlies,0-2,1-1,2-0,2-0,0-2,1-1,1-3,1-3,1-1,2-2,0-4,2-0,2-2,1-2,NA,1-1,0-2,3-1,2-2,2-0,1-2,1-1,1-1,2-2,2-2,2-1,2-2,2-0,1-2,2-0
2009,Miami Heat,3-1,0-3,4-0,3-1,1-3,0-3,0-2,1-1,2-1,2-0,2-0,4-0,1-1,1-1,1-1,NA,1-3,1-1,1-1,3-0,0-2,2-2,4-0,1-1,1-1,2-0,0-2,2-2,1-1,3-1
2009,Milwaukee Bucks,1-2,2-2,4-0,3-1,2-2,1-3,0-2,2-0,2-2,2-0,0-2,4-0,1-1,0-2,2-0,3-1,NA,2-0,1-1,3-0,1-1,0-3,2-2,1-1,1-1,1-1,0-2,2-1,1-1,2-2
2009,Minnesota Timberwolves,0-2,0-2,2-0,0-2,0-2,0-2,1-3,1-3,0-2,0-3,0-3,1-1,1-3,0-3,1-3,1-1,0-2,NA,0-4,1-1,0-4,0-2,1-1,0-4,0-4,2-2,0-3,0-2,2-2,1-1
2009,New Jersey Nets,0-3,1-3,NA,2-1,2-2,0-4,0-2,0-2,1-2,0-2,0-2,0-4,1-1,0-2,0-2,0-4,0-4,0-2,1-1,2-2,0-2,0-3,0-4,0-2,0-2,1-1,1-1,0-4,0-2,0-4
2009,New Orleans Hornets,1-1,1-1,1-1,0-2,1-1,0-2,2-2,1-3,1-1,3-1,3-1,2-0,4-0,1-2,2-2,1-1,1-1,4-0,NA,0-2,1-2,1-1,0-2,1-3,1-2,2-1,0-4,0-2,1-3,1-1
2009,New York Knicks,3-1,1-3,2-2,1-3,2-2,0-3,1-1,1-1,3-1,0-2,0-2,2-2,2-0,0-2,0-2,0-3,0-3,1-1,2-0,NA,0-2,0-3,3-1,1-1,1-1,0-2,0-2,0-4,0-2,3-1
2009,Oklahoma City Thunder,2-0,1-1,2-0,1-1,1-1,0-2,2-2,1-3,2-0,3-1,1-3,1-1,2-1,1-3,2-1,2-0,1-1,4-0,2-1,2-0,NA,1-1,2-0,2-1,1-3,3-1,1-3,2-0,3-1,2-0
2009,Orlando Magic,3-1,3-1,3-0,2-1,3-1,2-2,1-1,1-1,3-1,2-0,2-0,3-1,2-0,1-1,1-1,2-2,3-0,2-0,1-1,3-0,1-1,NA,4-0,1-1,1-1,2-0,1-1,3-1,1-1,2-2
2009,Philadelphia 76ers,1-2,1-3,4-0,1-3,1-3,0-3,1-1,1-1,1-3,2-0,1-1,1-2,0-2,0-2,1-1,0-4,2-2,1-1,2-0,1-3,0-2,0-4,NA,0-2,1-1,2-0,1-1,1-3,0-2,0-3
2009,Phoenix Suns,1-1,2-0,2-0,1-1,0-2,0-2,1-2,3-1,2-0,3-1,4-0,1-1,4-0,1-3,2-2,1-1,1-1,4-0,3-1,1-1,1-2,1-1,2-0,NA,1-2,4-0,2-1,2-0,2-2,2-0
2009,Portland Trail Blazers,0-2,0-2,2-0,1-1,2-0,0-2,3-1,1-3,2-0,2-2,2-2,2-0,3-1,2-1,2-2,1-1,1-1,4-0,2-1,1-1,3-1,1-1,1-1,2-1,NA,4-0,3-0,2-0,0-4,1-1
2009,Sacramento Kings,0-2,0-2,1-1,1-1,0-2,0-2,0-4,2-1,1-1,2-2,2-2,1-1,3-1,0-4,1-2,0-2,1-1,2-2,1-2,2-0,1-3,0-2,0-2,0-4,0-4,NA,0-4,1-1,2-1,1-1
2009,San Antonio Spurs,1-1,1-1,1-1,0-2,1-1,1-1,1-3,2-2,1-1,3-0,2-2,2-0,4-0,2-2,2-2,2-0,2-0,3-0,4-0,2-0,3-1,1-1,1-1,1-2,0-3,4-0,NA,1-1,0-4,2-0
2009,Toronto Raptors,1-3,0-4,4-0,2-1,2-1,1-3,1-1,0-2,4-0,0-2,1-1,2-2,2-0,1-1,0-2,2-2,1-2,2-0,2-0,4-0,0-2,1-3,3-1,0-2,0-2,1-1,1-1,NA,0-2,2-1
2009,Utah Jazz,0-2,1-1,2-0,2-0,2-0,1-1,2-1,1-3,2-0,3-0,2-2,1-1,3-1,1-3,2-1,1-1,1-1,2-2,3-1,2-0,1-3,1-1,2-0,2-2,4-0,1-2,4-0,2-0,NA,2-0
2009,Washington Wizards,0-4,1-3,4-0,1-2,0-4,1-2,1-1,1-1,0-4,2-0,0-2,1-3,0-2,0-2,0-2,1-3,2-2,1-1,1-1,1-3,0-2,2-2,3-0,0-2,1-1,1-1,0-2,1-2,0-2,NA
2008,Atlanta Hawks,NA,0-4,1-3,3-0,3-1,1-3,1-1,1-1,3-0,1-1,1-1,3-1,1-1,1-1,1-1,3-1,3-1,2-0,2-0,1-2,2-0,1-3,1-2,0-2,1-1,2-0,0-2,3-1,1-1,4-0
2008,Boston Celtics,4-0,NA,4-0,2-1,2-1,2-2,2-0,1-1,3-1,1-1,1-1,3-1,1-1,0-2,2-0,3-1,2-1,2-0,2-0,3-1,2-0,2-2,4-0,2-0,1-1,2-0,1-1,4-0,1-1,3-0
2008,Charlotte Bobcats,1-3,1-2,1-2,2-1,NA,0-3,0-2,0-2,1-3,1-1,0-2,2-2,2-0,2-0,2-0,1-3,1-3,1-1,1-1,2-2,1-1,0-4,3-1,1-1,1-1,2-0,0-2,2-2,1-1,3-1
2008,Chicago Bulls,0-3,1-2,3-1,NA,1-2,1-3,1-1,1-1,3-1,2-0,1-1,2-2,2-0,0-2,1-1,1-3,3-1,0-2,2-0,2-1,1-1,1-3,2-2,2-0,0-2,2-0,0-2,1-3,2-0,3-1
2008,Cleveland Cavaliers,3-1,2-2,3-0,3-1,3-0,NA,2-0,2-0,3-1,2-0,1-1,3-1,2-0,0-2,2-0,3-1,4-0,2-0,1-1,4-0,2-0,1-2,3-1,2-0,2-0,2-0,2-0,3-0,2-0,2-2
2008,Dallas Mavericks,1-1,0-2,1-1,1-1,2-0,0-2,NA,0-4,2-0,2-1,2-2,2-0,3-1,0-3,2-2,2-0,1-1,4-0,1-3,2-0,2-1,1-1,2-0,3-1,3-0,3-1,2-2,2-0,2-2,2-0
2008,Denver Nuggets,1-1,1-1,1-1,1-1,2-0,0-2,4-0,NA,0-2,2-1,1-3,1-1,4-0,1-3,3-0,2-0,1-1,4-0,2-2,2-0,4-0,1-1,2-0,1-2,2-2,3-1,2-1,2-0,2-2,2-0
2008,Detroit Pistons,0-3,1-3,2-2,1-3,3-1,1-3,0-2,2-0,NA,2-0,0-2,2-2,2-0,1-1,1-1,1-3,3-1,1-1,0-2,2-2,1-1,3-0,1-2,0-2,0-2,2-0,1-1,3-0,0-2,3-1
2008,Golden State Warriors,1-1,1-1,2-0,0-2,1-1,0-2,1-2,1-2,0-2,NA,0-4,1-1,3-1,0-4,0-3,0-2,1-1,2-2,2-2,1-1,2-2,0-2,1-1,1-3,2-1,2-2,0-4,1-1,2-2,1-1
2008,Houston Rockets,1-1,1-1,2-0,1-1,2-0,1-1,2-2,3-1,2-0,4-0,NA,0-2,3-1,0-4,2-2,2-0,1-1,4-0,3-1,1-1,3-0,2-0,0-2,2-1,2-1,3-0,2-2,1-1,2-2,1-1
2008,Indiana Pacers,1-3,1-3,2-1,2-2,2-2,1-3,0-2,1-1,2-2,1-1,2-0,NA,1-1,1-1,1-1,2-1,2-2,1-1,0-2,1-2,2-0,1-3,2-2,1-1,0-2,2-0,0-2,2-2,0-2,2-1
2008,Los Angeles Clippers,1-1,1-1,1-1,0-2,0-2,0-2,1-3,0-4,0-2,1-3,1-3,1-1,NA,0-4,1-2,1-1,1-1,1-2,0-3,2-0,3-1,0-2,0-2,0-4,1-3,1-3,0-4,0-2,0-3,1-1
2008,Los Angeles Lakers,1-1,2-0,2-0,2-0,0-2,2-0,3-0,3-1,1-1,4-0,4-0,1-1,4-0,NA,4-0,1-1,2-0,4-0,3-1,2-0,3-0,0-2,1-1,3-1,2-2,3-1,2-1,2-0,2-1,2-0
2008,Memphis Grizzlies,1-1,0-2,0-2,1-1,0-2,0-2,2-2,0-3,1-1,3-0,2-2,1-1,2-1,0-4,NA,1-1,1-1,0-3,1-3,0-2,1-3,1-1,0-2,1-3,0-4,2-2,0-4,1-1,0-4,2-0
2008,Miami Heat,1-3,1-3,3-1,3-1,3-1,1-3,0-2,0-2,3-1,2-0,0-2,1-2,1-1,1-1,1-1,NA,2-1,1-1,0-2,2-1,2-0,1-3,2-2,2-0,0-2,2-0,1-1,1-2,2-0,4-0
2008,Milwaukee Bucks,1-3,1-2,2-2,1-3,3-1,0-4,1-1,1-1,1-3,1-1,1-1,2-2,1-1,0-2,1-1,1-2,NA,0-2,0-2,3-1,2-0,1-3,0-3,0-2,0-2,2-0,2-0,2-2,1-1,3-0
2008,Minnesota Timberwolves,0-2,0-2,1-1,2-0,1-1,0-2,0-4,0-4,1-1,2-2,0-4,1-1,2-1,0-4,3-0,1-1,2-0,NA,1-2,1-1,2-2,0-2,1-1,1-2,0-4,1-3,0-4,0-2,1-3,0-2
2008,New Jersey Nets,3-1,0-4,NA,1-3,2-1,0-3,1-1,1-1,2-2,0-2,0-2,1-2,1-1,0-2,2-0,1-3,2-2,1-1,0-2,2-2,1-1,1-2,4-0,1-1,0-2,2-0,0-2,2-2,1-1,2-2
2008,New Orleans Hornets,0-2,0-2,2-0,0-2,1-1,1-1,3-1,2-2,2-0,2-2,1-3,2-0,3-0,1-3,3-1,2-0,2-0,2-1,NA,0-2,4-0,1-1,2-0,2-1,2-2,3-1,2-2,2-0,0-3,2-0
2008,New York Knicks,2-1,1-3,2-2,1-2,2-2,0-4,0-2,0-2,2-2,1-1,1-1,2-1,0-2,0-2,2-0,1-2,1-3,1-1,2-0,NA,1-1,1-3,0-4,1-1,0-2,1-1,1-1,2-2,1-1,3-1
2008,Oklahoma City Thunder,0-2,0-2,1-1,1-1,1-1,0-2,1-2,0-4,1-1,2-2,0-3,0-2,1-3,0-3,3-1,0-2,0-2,2-2,0-4,1-1,NA,0-2,1-1,0-4,1-3,2-1,2-2,1-1,1-3,1-1
2008,Orlando Magic,3-1,2-2,2-1,3-1,4-0,2-1,1-1,1-1,0-3,2-0,0-2,3-1,2-0,2-0,1-1,3-1,3-1,2-0,1-1,3-1,2-0,NA,3-0,1-1,1-1,2-0,2-0,2-2,2-0,4-0
2008,Philadelphia 76ers,2-1,0-4,0-4,2-2,1-3,1-3,0-2,0-2,2-1,1-1,2-0,2-2,2-0,1-1,2-0,2-2,3-0,1-1,0-2,4-0,1-1,0-3,NA,1-1,2-0,2-0,1-1,2-2,0-2,4-0
2008,Phoenix Suns,2-0,0-2,1-1,0-2,1-1,0-2,1-3,2-1,2-0,3-1,1-2,1-1,4-0,1-3,3-1,0-2,2-0,2-1,1-2,1-1,4-0,1-1,1-1,NA,2-2,3-1,1-3,2-0,2-2,2-0
2008,Portland Trail Blazers,1-1,1-1,2-0,2-0,1-1,0-2,0-3,2-2,2-0,1-2,1-2,2-0,3-1,2-2,4-0,2-0,2-0,4-0,2-2,2-0,3-1,1-1,0-2,2-2,NA,3-0,3-1,2-0,2-2,2-0
2008,Sacramento Kings,0-2,0-2,0-2,0-2,0-2,0-2,1-3,1-3,0-2,2-2,0-3,0-2,3-1,1-3,2-2,0-2,0-2,3-1,1-3,1-1,1-2,0-2,0-2,1-3,0-3,NA,0-3,0-2,0-4,0-2
2008,San Antonio Spurs,2-0,1-1,2-0,2-0,2-0,0-2,2-2,1-2,1-1,4-0,2-2,2-0,4-0,1-2,4-0,1-1,0-2,4-0,2-2,1-1,2-2,0-2,1-1,3-1,1-3,3-0,NA,1-1,3-0,2-0
2008,Toronto Raptors,1-3,0-4,2-2,3-1,2-2,0-3,0-2,0-2,0-3,1-1,1-1,2-2,2-0,0-2,1-1,2-1,2-2,2-0,0-2,2-2,1-1,2-2,2-2,0-2,0-2,2-0,1-1,NA,0-2,2-1
2008,Utah Jazz,1-1,1-1,1-1,0-2,1-1,0-2,2-2,2-2,2-0,2-2,2-2,2-0,3-0,1-2,4-0,0-2,1-1,3-1,3-0,1-1,3-1,0-2,2-0,2-2,2-2,4-0,0-3,2-0,NA,1-1
2008,Washington Wizards,0-4,0-3,2-2,1-3,1-3,2-2,0-2,0-2,1-3,1-1,1-1,1-2,1-1,0-2,0-2,0-4,0-3,2-0,0-2,1-3,1-1,0-4,0-4,0-2,0-2,2-0,0-2,1-2,1-1,NA
2007,Atlanta Hawks,NA,0-3,1-3,2-2,2-2,1-2,1-1,1-1,0-4,1-1,0-2,1-2,1-1,1-1,2-0,3-1,2-2,2-0,0-2,4-0,1-1,2-2,3-1,1-1,0-2,1-1,0-2,1-2,1-1,2-2
2007,Boston Celtics,3-0,NA,4-0,4-0,3-1,2-2,2-0,1-1,2-1,1-1,2-0,3-0,2-0,2-0,2-0,4-0,4-0,2-0,1-1,4-0,2-0,1-2,3-1,1-1,2-0,2-0,2-0,3-1,1-1,1-3
2007,Charlotte Bobcats,2-2,1-3,1-3,1-3,NA,1-3,0-2,1-1,0-3,1-1,0-2,3-1,2-0,1-1,1-1,3-1,1-2,2-0,0-2,1-2,2-0,1-3,1-2,0-2,2-0,0-2,0-2,2-2,1-1,1-3
2007,Chicago Bulls,2-2,0-4,1-2,NA,3-1,3-1,0-2,1-1,3-1,1-1,0-2,2-2,1-1,0-2,1-1,2-1,3-1,1-1,0-2,2-2,2-0,0-4,1-3,0-2,0-2,1-1,0-2,1-2,1-1,1-2
2007,Cleveland Cavaliers,2-1,2-2,1-3,1-3,3-1,NA,1-1,0-2,1-3,1-1,0-2,4-0,2-0,2-0,2-0,3-0,1-3,2-0,0-2,2-1,1-1,1-3,2-1,0-2,2-0,2-0,1-1,3-1,1-1,2-2
2007,Dallas Mavericks,1-1,0-2,1-1,2-0,2-0,1-1,NA,1-2,1-1,3-1,3-1,1-1,4-0,1-3,4-0,2-0,1-1,3-0,2-2,2-0,3-1,2-0,1-1,2-1,2-2,2-1,1-3,1-1,2-2,0-2
2007,Denver Nuggets,1-1,1-1,2-0,1-1,1-1,2-0,2-1,NA,0-2,3-1,2-2,1-1,3-1,0-3,4-0,2-0,1-1,4-0,1-2,1-1,3-1,1-1,1-1,2-2,2-2,2-1,2-2,2-0,1-3,2-0
2007,Detroit Pistons,4-0,1-2,3-0,1-3,3-0,3-1,1-1,2-0,NA,2-0,1-1,4-0,2-0,1-1,2-0,4-0,3-1,2-0,2-0,2-2,2-0,2-2,2-2,2-0,1-1,0-2,2-0,3-1,0-2,2-1
2007,Golden State Warriors,1-1,1-1,1-1,1-1,1-1,1-1,1-3,1-3,0-2,NA,2-2,1-1,3-1,2-2,4-0,2-0,2-0,3-1,1-2,2-0,2-1,1-1,2-0,2-2,2-2,3-1,2-1,2-0,0-3,2-0
2007,Houston Rockets,2-0,0-2,2-0,2-0,2-0,2-0,1-3,2-2,1-1,2-2,NA,2-0,3-0,2-1,3-1,1-1,2-0,3-0,2-2,2-0,4-0,1-1,0-2,2-2,4-0,2-2,2-2,1-1,1-2,2-0
2007,Indiana Pacers,2-1,0-3,2-2,2-2,1-3,0-4,1-1,1-1,0-4,1-1,0-2,NA,1-1,0-2,1-1,3-1,3-1,1-1,1-1,4-0,1-1,1-2,3-0,0-2,2-0,1-1,0-2,1-3,1-1,2-2
2007,Los Angeles Clippers,1-1,0-2,2-0,1-1,0-2,0-2,0-4,1-3,0-2,1-3,0-3,1-1,NA,0-4,3-1,1-1,1-1,1-3,0-4,2-0,2-1,0-2,0-2,1-3,0-3,3-1,0-3,1-1,1-3,0-2
2007,Los Angeles Lakers,1-1,0-2,1-1,2-0,1-1,0-2,3-1,3-0,1-1,2-2,1-2,2-0,4-0,NA,2-1,2-0,1-1,3-0,2-2,2-0,4-0,1-1,2-0,3-1,2-2,3-1,2-2,2-0,3-1,2-0
2007,Memphis Grizzlies,0-2,0-2,2-0,1-1,1-1,0-2,0-4,0-4,0-2,0-4,1-3,1-1,1-3,1-2,NA,2-0,0-2,2-2,0-4,2-0,3-1,1-1,0-2,0-3,0-3,2-2,1-3,0-2,0-3,1-1
2007,Miami Heat,1-3,0-4,1-2,1-2,1-3,0-3,0-2,0-2,0-4,0-2,1-1,1-3,1-1,0-2,0-2,NA,2-2,1-1,0-2,1-3,1-1,0-4,0-3,1-1,0-2,1-1,0-2,0-4,1-1,0-4
2007,Milwaukee Bucks,2-2,0-4,0-4,1-3,2-1,3-1,1-1,1-1,1-3,0-2,0-2,1-3,1-1,1-1,2-0,2-2,NA,1-1,0-2,1-2,1-1,1-2,1-3,0-2,0-2,0-2,0-2,1-2,0-2,2-2
2007,Minnesota Timberwolves,0-2,0-2,1-1,1-1,0-2,0-2,0-3,0-4,0-2,1-3,0-3,1-1,3-1,0-3,2-2,1-1,1-1,NA,1-3,1-1,1-3,1-1,1-1,2-2,0-4,2-1,0-4,0-2,2-2,0-2
2007,New Jersey Nets,3-1,0-4,NA,2-1,3-1,3-1,1-1,0-2,0-3,1-1,0-2,2-2,0-2,1-1,0-2,2-1,4-0,1-1,0-2,1-3,2-0,1-3,2-2,0-2,1-1,0-2,0-2,1-3,1-1,2-1
2007,New Orleans Hornets,2-0,1-1,2-0,2-0,2-0,2-0,2-2,2-1,0-2,2-1,2-2,1-1,4-0,2-2,4-0,2-0,2-0,3-1,NA,2-0,3-0,1-1,2-0,4-0,2-2,1-2,2-2,1-1,1-3,0-2
2007,New York Knicks,0-4,0-4,3-1,2-2,2-1,1-2,0-2,1-1,2-2,0-2,0-2,0-4,0-2,0-2,0-2,3-1,2-1,1-1,0-2,NA,0-2,1-3,1-3,0-2,0-2,0-2,0-2,1-3,1-1,2-1
2007,Orlando Magic,2-2,2-1,3-1,4-0,3-1,3-1,0-2,1-1,2-2,1-1,1-1,2-1,2-0,1-1,1-1,4-0,2-1,1-1,1-1,3-1,2-0,NA,3-1,0-2,2-0,1-1,0-2,2-1,0-2,3-1
2007,Philadelphia 76ers,1-3,1-3,2-2,3-1,2-1,1-2,1-1,1-1,2-2,0-2,2-0,0-3,2-0,0-2,2-0,3-0,3-1,1-1,0-2,3-1,2-0,1-3,NA,1-1,1-1,1-1,1-1,1-3,0-2,2-2
2007,Phoenix Suns,1-1,1-1,2-0,2-0,2-0,2-0,1-2,2-2,0-2,2-2,2-2,2-0,3-1,1-3,3-0,1-1,2-0,2-2,0-4,2-0,4-0,2-0,1-1,NA,3-0,4-0,3-1,2-0,1-2,2-0
2007,Portland Trail Blazers,2-0,0-2,1-1,2-0,0-2,0-2,2-2,2-2,1-1,2-2,0-4,0-2,3-0,2-2,3-0,2-0,2-0,4-0,2-2,2-0,2-2,0-2,1-1,0-3,NA,1-3,0-3,1-1,3-1,1-1
2007,Sacramento Kings,1-1,0-2,2-0,1-1,2-0,0-2,1-2,1-2,2-0,1-3,2-2,1-1,1-3,1-3,2-2,1-1,2-0,1-2,2-1,2-0,3-1,1-1,1-1,0-4,3-1,NA,1-3,1-1,2-2,0-2
2007,San Antonio Spurs,2-0,0-2,2-0,2-0,2-0,1-1,3-1,2-2,0-2,1-2,2-2,2-0,3-0,2-2,3-1,2-0,2-0,4-0,2-2,2-0,2-1,2-0,1-1,1-3,3-0,3-1,NA,1-1,2-2,2-0
2007,Seattle SuperSonics,1-1,0-2,0-2,0-2,0-2,1-1,1-3,1-3,0-2,1-2,0-4,1-1,1-2,0-4,1-3,1-1,1-1,3-1,0-3,2-0,NA,0-2,0-2,0-4,2-2,1-3,1-2,1-1,0-4,0-2
2007,Toronto Raptors,2-1,1-3,3-1,2-1,2-2,1-3,1-1,0-2,1-3,0-2,1-1,3-1,1-1,0-2,2-0,4-0,2-1,2-0,1-1,3-1,1-1,1-2,3-1,0-2,1-1,1-1,1-1,NA,0-2,1-3
2007,Utah Jazz,1-1,1-1,1-1,1-1,1-1,1-1,2-2,3-1,2-0,3-0,2-1,1-1,3-1,1-3,3-0,1-1,2-0,2-2,3-1,1-1,4-0,2-0,2-0,2-1,1-3,2-2,2-2,2-0,NA,2-0
2007,Washington Wizards,2-2,3-1,1-2,2-1,3-1,2-2,2-0,0-2,1-2,0-2,0-2,2-2,2-0,0-2,1-1,4-0,2-2,2-0,2-0,1-2,2-0,1-3,2-2,0-2,1-1,2-0,0-2,3-1,0-2,NA
2006,Atlanta Hawks,NA,3-1,1-2,0-4,1-3,1-3,0-2,1-1,1-2,2-0,1-1,1-3,2-0,0-2,2-0,0-4,1-2,2-0,0-2,1-2,0-2,3-1,1-3,1-1,1-1,1-1,0-2,2-2,0-2,1-3
2006,Boston Celtics,1-3,NA,2-2,0-3,2-2,1-2,0-2,1-1,0-4,0-2,1-1,1-3,0-2,0-2,1-1,1-2,2-2,1-1,0-2,3-1,1-1,1-3,1-3,0-2,2-0,0-2,1-1,1-3,0-2,0-3
2006,Charlotte Bobcats,3-1,2-2,1-2,1-2,NA,2-2,0-2,1-1,2-2,1-1,0-2,1-2,0-2,2-0,0-2,2-2,2-2,1-1,1-1,2-2,0-2,2-2,2-2,0-2,0-2,1-1,1-1,0-3,1-1,2-2
2006,Chicago Bulls,4-0,3-0,1-3,NA,2-1,2-2,1-1,1-1,3-1,1-1,0-2,3-1,0-2,1-1,1-1,3-1,4-0,0-2,2-0,3-1,2-0,1-2,2-1,1-1,2-0,0-2,1-1,2-2,0-2,3-1
2006,Cleveland Cavaliers,3-1,2-1,2-1,2-2,2-2,NA,0-2,0-2,1-3,2-0,1-1,3-1,2-0,2-0,2-0,1-3,4-0,2-0,1-1,2-2,1-1,1-2,3-1,0-2,1-1,2-0,2-0,3-1,1-1,2-1
2006,Dallas Mavericks,2-0,2-0,2-0,1-1,2-0,2-0,NA,3-1,1-1,0-3,3-1,2-0,2-1,3-1,4-0,2-0,2-0,4-0,4-0,2-0,4-0,2-0,2-0,2-2,3-0,4-0,3-1,2-0,1-2,1-1
2006,Denver Nuggets,1-1,1-1,1-1,1-1,1-1,2-0,1-3,NA,0-2,3-1,1-2,2-0,2-1,3-1,2-2,2-0,2-0,2-2,2-2,1-1,3-1,1-1,1-1,1-2,3-1,2-2,1-2,1-1,1-3,1-1
2006,Detroit Pistons,2-1,4-0,4-0,1-3,2-2,3-1,1-1,2-0,NA,0-2,1-1,2-2,2-0,2-0,2-0,2-1,3-1,1-1,1-1,2-1,2-0,4-0,3-1,1-1,1-1,1-1,0-2,2-1,0-2,2-2
2006,Golden State Warriors,0-2,2-0,1-1,1-1,1-1,0-2,3-0,1-3,2-0,NA,2-1,1-1,2-2,0-4,3-1,0-2,0-2,2-1,3-1,1-1,3-1,1-1,2-0,1-3,2-1,3-1,1-3,1-1,2-2,1-1
2006,Houston Rockets,1-1,1-1,2-0,2-0,2-0,1-1,1-3,2-1,1-1,1-2,NA,1-1,3-1,2-2,4-0,2-0,2-0,2-2,1-3,2-0,3-0,2-0,2-0,1-3,2-2,3-0,2-2,1-1,1-3,2-0
2006,Indiana Pacers,3-1,3-1,0-4,1-3,2-1,1-3,0-2,0-2,2-2,1-1,1-1,NA,1-1,1-1,2-0,2-2,4-0,0-2,1-1,2-1,0-2,2-2,2-2,0-2,2-0,0-2,1-1,1-2,0-2,0-3
2006,Los Angeles Clippers,0-2,2-0,1-1,2-0,2-0,0-2,1-2,1-2,0-2,2-2,1-3,1-1,NA,2-2,3-0,2-0,2-0,1-2,2-2,1-1,2-2,1-1,2-0,2-2,3-1,2-2,0-4,0-2,1-3,1-1
2006,Los Angeles Lakers,2-0,2-0,2-0,1-1,0-2,0-2,1-3,1-3,0-2,4-0,2-2,1-1,2-2,NA,2-2,1-1,0-2,3-1,1-2,0-2,3-1,2-0,1-1,1-3,1-2,3-1,2-1,1-1,2-1,1-1
2006,Memphis Grizzlies,0-2,1-1,0-2,1-1,2-0,0-2,0-4,2-2,0-2,1-3,0-4,0-2,0-3,2-2,NA,0-2,0-2,2-1,1-3,0-2,1-2,1-1,1-1,0-4,2-2,1-2,1-3,1-1,1-3,1-1
2006,Miami Heat,4-0,2-1,3-1,1-3,2-2,3-1,0-2,0-2,1-2,2-0,0-2,2-2,0-2,1-1,2-0,NA,2-1,2-0,1-1,1-3,2-0,0-4,1-3,0-2,2-0,2-0,1-1,2-1,2-0,3-1
2006,Milwaukee Bucks,2-1,2-2,1-2,0-4,2-2,0-4,0-2,0-2,1-3,2-0,0-2,0-4,0-2,2-0,2-0,1-2,NA,2-0,0-2,1-3,1-1,1-3,2-1,0-2,1-1,1-1,2-0,1-3,0-2,1-3
2006,Minnesota Timberwolves,0-2,1-1,1-1,2-0,1-1,0-2,0-4,2-2,1-1,1-2,2-2,2-0,2-1,1-3,1-2,0-2,0-2,NA,1-3,2-0,1-3,1-1,2-0,1-3,2-2,2-2,1-2,0-2,1-3,1-1
2006,New Jersey Nets,2-1,2-2,NA,3-1,2-1,1-2,0-2,1-1,0-4,1-1,0-2,4-0,1-1,0-2,2-0,1-3,2-1,1-1,1-1,4-0,0-2,2-2,2-2,0-2,0-2,1-1,0-2,2-2,2-0,4-0
2006,New Orleans/Oklahoma City Hornets,2-0,2-0,1-1,0-2,1-1,1-1,0-4,2-2,1-1,1-3,3-1,1-1,2-2,2-1,3-1,1-1,2-0,3-1,NA,2-0,2-2,1-1,0-2,0-3,1-2,3-1,0-4,0-2,1-2,1-1
2006,New York Knicks,2-1,1-3,0-4,1-3,2-2,2-2,0-2,1-1,1-2,1-1,0-2,1-2,1-1,2-0,2-0,3-1,3-1,0-2,0-2,NA,1-1,2-1,1-3,0-2,1-1,1-1,0-2,1-3,1-1,2-2
2006,Orlando Magic,1-3,3-1,2-2,2-1,2-2,2-1,0-2,1-1,0-4,1-1,0-2,2-2,1-1,0-2,1-1,4-0,3-1,1-1,1-1,1-2,2-0,NA,2-1,0-2,2-0,1-1,1-1,0-4,2-0,2-2
2006,Philadelphia 76ers,3-1,3-1,2-2,1-2,2-2,1-3,0-2,1-1,1-3,0-2,0-2,2-2,0-2,1-1,1-1,3-1,1-2,0-2,2-0,3-1,2-0,1-2,NA,1-1,1-1,1-1,0-2,1-3,1-1,0-3
2006,Phoenix Suns,1-1,2-0,2-0,1-1,2-0,2-0,2-2,2-1,1-1,3-1,3-1,2-0,2-2,3-1,4-0,2-0,2-0,3-1,3-0,2-0,2-1,2-0,1-1,NA,4-0,3-1,1-2,2-0,1-3,1-1
2006,Portland Trail Blazers,1-1,0-2,2-0,0-2,2-0,1-1,0-3,1-3,1-1,1-2,2-2,0-2,1-3,2-1,2-2,0-2,1-1,2-2,2-1,1-1,2-2,0-2,1-1,0-4,NA,2-2,0-4,1-1,2-2,2-0
2006,Sacramento Kings,1-1,2-0,1-1,2-0,1-1,0-2,0-4,2-2,1-1,1-3,0-3,2-0,2-2,1-3,2-1,0-2,1-1,2-2,1-3,1-1,2-1,1-1,1-1,1-3,2-2,NA,0-4,1-1,2-1,0-2
2006,San Antonio Spurs,2-0,1-1,2-0,1-1,1-1,0-2,1-3,2-1,2-0,3-1,2-2,1-1,4-0,1-2,3-1,1-1,0-2,2-1,4-0,2-0,4-0,1-1,2-0,2-1,4-0,4-0,NA,2-0,2-2,2-0
2006,Seattle SuperSonics,2-0,1-1,2-0,0-2,2-0,1-1,0-4,1-3,0-2,1-3,0-3,2-0,2-2,1-3,2-1,0-2,1-1,3-1,2-2,1-1,NA,0-2,0-2,1-2,2-2,1-2,0-4,1-1,2-2,0-2
2006,Toronto Raptors,2-2,3-1,2-2,2-2,3-0,1-3,0-2,1-1,1-2,1-1,1-1,2-1,2-0,1-1,1-1,1-2,3-1,2-0,2-0,3-1,1-1,4-0,3-1,0-2,1-1,1-1,0-2,NA,0-2,3-1
2006,Utah Jazz,2-0,2-0,0-2,2-0,1-1,1-1,2-1,3-1,2-0,2-2,3-1,2-0,3-1,1-2,3-1,0-2,2-0,3-1,2-1,1-1,2-2,0-2,1-1,3-1,2-2,1-2,2-2,2-0,NA,1-1
2006,Washington Wizards,3-1,3-0,0-4,1-3,2-2,1-2,1-1,1-1,2-2,1-1,0-2,3-0,1-1,1-1,1-1,1-3,3-1,1-1,1-1,2-2,2-0,2-2,3-0,1-1,0-2,2-0,0-2,1-3,1-1,NA
2005,Atlanta Hawks,NA,2-1,1-3,0-3,1-3,1-2,0-2,1-1,1-3,1-1,1-1,4-0,0-2,1-1,0-2,1-3,1-3,1-1,1-1,2-2,0-2,2-2,1-2,0-2,0-2,0-2,1-1,1-3,0-2,1-3
2005,Boston Celtics,1-2,NA,1-3,0-4,2-1,0-4,0-2,1-1,0-3,1-1,1-1,3-1,1-1,1-1,1-1,1-3,0-3,1-1,2-0,3-1,0-2,1-3,3-1,0-2,2-0,1-1,0-2,3-1,2-0,1-3
2005,Charlotte Bobcats,3-1,1-2,1-3,2-2,NA,0-3,0-2,0-2,0-4,1-1,1-1,2-2,0-2,1-1,0-2,0-4,0-3,1-1,0-2,3-0,1-1,1-3,3-1,0-2,1-1,1-1,0-2,1-3,1-1,1-3
2005,Chicago Bulls,3-0,4-0,2-1,NA,2-2,0-4,0-2,1-1,0-4,1-1,1-1,2-2,1-1,1-1,1-1,1-2,2-2,1-1,1-1,2-1,0-2,3-1,2-2,0-2,1-1,0-2,1-1,4-0,1-1,3-1
2005,Cleveland Cavaliers,2-1,4-0,2-2,4-0,3-0,NA,1-1,1-1,1-3,0-2,1-1,3-1,1-1,1-1,1-1,2-2,3-1,1-1,2-0,1-2,1-1,3-1,2-2,1-1,1-1,1-1,1-1,3-0,2-0,1-3
2005,Dallas Mavericks,2-0,2-0,1-1,2-0,2-0,1-1,NA,3-1,1-1,1-3,4-0,2-0,3-1,1-2,3-1,2-0,1-1,2-1,4-0,1-1,3-0,1-1,1-1,2-2,4-0,2-1,2-2,2-0,3-1,2-0
2005,Denver Nuggets,1-1,1-1,0-2,1-1,2-0,1-1,1-3,NA,1-1,2-1,2-2,2-0,1-3,1-2,2-1,2-0,1-1,3-1,2-1,2-0,2-2,1-1,1-1,1-3,4-0,1-3,2-2,2-0,1-3,1-1
2005,Detroit Pistons,3-1,3-0,2-2,4-0,4-0,3-1,1-1,1-1,NA,2-0,2-0,3-1,2-0,1-1,2-0,3-1,3-1,2-0,2-0,3-1,2-0,2-1,3-0,2-0,2-0,2-0,2-0,3-1,0-2,0-3
2005,Golden State Warriors,1-1,1-1,1-1,1-1,1-1,2-0,3-1,1-2,0-2,NA,1-3,0-2,1-3,0-4,0-3,1-1,1-1,2-2,1-2,2-0,2-1,1-1,1-1,1-3,4-0,2-2,0-4,2-0,1-3,0-2
2005,Houston Rockets,1-1,1-1,1-1,1-1,1-1,1-1,0-4,2-2,0-2,3-1,NA,1-1,2-2,1-2,0-4,0-2,2-0,2-2,1-3,2-0,3-1,1-1,1-1,0-3,2-1,2-2,0-4,0-2,1-2,2-0
2005,Indiana Pacers,0-4,1-3,2-1,2-2,2-2,1-3,0-2,0-2,1-3,2-0,1-1,NA,2-0,1-1,1-1,2-1,2-2,1-1,2-0,2-2,1-1,3-0,2-1,0-2,2-0,2-0,0-2,2-2,2-0,2-2
2005,Los Angeles Clippers,2-0,1-1,1-1,1-1,2-0,1-1,1-3,3-1,0-2,3-1,2-2,0-2,NA,2-2,1-3,1-1,2-0,3-1,1-2,2-0,3-1,2-0,1-1,2-2,3-0,0-4,1-2,2-0,2-1,2-0
2005,Los Angeles Lakers,1-1,1-1,0-2,1-1,1-1,1-1,2-1,2-1,1-1,4-0,2-1,1-1,2-2,NA,1-3,1-1,2-0,1-3,3-1,2-0,2-1,2-0,1-1,1-3,2-2,2-2,1-3,2-0,2-2,1-1
2005,Memphis Grizzlies,2-0,1-1,1-1,1-1,2-0,1-1,1-3,1-2,0-2,3-0,4-0,1-1,3-1,3-1,NA,0-2,1-1,3-1,1-3,2-0,3-1,2-0,0-2,2-1,2-1,2-2,0-4,2-0,3-1,2-0
2005,Miami Heat,3-1,3-1,1-3,2-1,4-0,2-2,0-2,0-2,1-3,1-1,2-0,1-2,1-1,1-1,2-0,NA,3-1,1-1,1-1,3-0,2-0,2-2,3-0,0-2,2-0,2-0,0-2,3-1,2-0,4-0
2005,Milwaukee Bucks,3-1,3-0,1-3,2-2,3-0,1-3,1-1,1-1,1-3,1-1,0-2,2-2,0-2,0-2,1-1,1-3,NA,1-1,1-1,3-1,1-1,2-2,3-1,1-1,2-0,0-2,1-1,2-1,0-2,2-1
2005,Minnesota Timberwolves,1-1,1-1,1-1,1-1,1-1,1-1,1-2,1-3,0-2,2-2,2-2,1-1,1-3,3-1,1-3,1-1,1-1,NA,1-2,2-0,2-2,1-1,0-2,1-2,2-2,2-1,0-4,0-2,1-3,1-1
2005,New Jersey Nets,3-1,3-1,NA,1-2,3-1,2-2,1-1,2-0,2-2,1-1,1-1,1-2,1-1,2-0,1-1,3-1,3-1,1-1,2-0,3-1,1-1,3-0,1-3,1-1,1-1,0-2,0-2,3-1,1-1,2-1
2005,New Orleans/Oklahoma City Hornets,1-1,0-2,0-2,1-1,2-0,0-2,0-4,1-2,0-2,2-1,3-1,0-2,2-1,1-3,3-1,1-1,1-1,2-1,NA,2-0,3-1,1-1,1-1,1-3,3-1,2-2,1-3,2-0,1-3,1-1
2005,New York Knicks,2-2,1-3,1-3,1-2,0-3,2-1,1-1,0-2,1-3,0-2,0-2,2-2,0-2,0-2,0-2,0-3,1-3,0-2,0-2,NA,2-0,1-3,1-3,1-1,1-1,1-1,0-2,1-3,2-0,1-3
2005,Orlando Magic,2-2,3-1,0-3,1-3,3-1,1-3,1-1,1-1,1-2,1-1,1-1,0-3,0-2,0-2,0-2,2-2,2-2,1-1,1-1,3-1,1-1,NA,3-1,1-1,1-1,1-1,1-1,1-2,1-1,2-2
2005,Philadelphia 76ers,2-1,1-3,3-1,2-2,1-3,2-2,1-1,1-1,0-3,1-1,1-1,1-2,1-1,1-1,2-0,0-3,1-3,2-0,1-1,3-1,1-1,1-3,NA,0-2,1-1,2-0,1-1,3-1,0-2,2-2
2005,Phoenix Suns,2-0,2-0,1-1,2-0,2-0,1-1,2-2,3-1,0-2,3-1,3-0,2-0,2-2,3-1,1-2,2-0,1-1,2-1,3-1,1-1,2-2,1-1,2-0,NA,3-1,2-2,1-3,2-0,2-1,1-1
2005,Portland Trail Blazers,2-0,0-2,1-1,1-1,1-1,1-1,0-4,0-4,0-2,0-4,1-2,0-2,0-3,2-2,1-2,0-2,0-2,2-2,1-3,1-1,1-3,1-1,1-1,1-3,NA,1-2,0-4,1-1,0-4,1-1
2005,Sacramento Kings,2-0,1-1,2-0,2-0,1-1,1-1,1-2,3-1,0-2,2-2,2-2,0-2,4-0,2-2,2-2,0-2,2-0,1-2,2-2,1-1,3-1,1-1,0-2,2-2,2-1,NA,1-2,1-1,3-1,0-2
2005,San Antonio Spurs,1-1,2-0,2-0,1-1,2-0,1-1,2-2,2-2,0-2,4-0,4-0,2-0,2-1,3-1,4-0,2-0,1-1,4-0,3-1,2-0,2-1,1-1,1-1,3-1,4-0,2-1,NA,2-0,3-0,1-1
2005,Seattle SuperSonics,2-0,2-0,1-1,2-0,1-1,1-1,0-3,2-2,0-2,1-2,1-3,1-1,1-3,1-2,1-3,0-2,1-1,2-2,1-3,0-2,NA,1-1,1-1,2-2,3-1,1-3,1-2,1-1,3-1,1-1
2005,Toronto Raptors,3-1,1-3,1-3,0-4,3-1,0-3,0-2,0-2,1-3,0-2,2-0,2-2,0-2,0-2,0-2,1-3,1-2,2-0,0-2,3-1,1-1,2-1,1-3,0-2,1-1,1-1,0-2,NA,0-2,1-2
2005,Utah Jazz,2-0,0-2,1-1,1-1,1-1,0-2,1-3,3-1,2-0,3-1,2-1,0-2,1-2,2-2,1-3,0-2,2-0,3-1,3-1,0-2,1-3,1-1,2-0,1-2,4-0,1-3,0-3,2-0,NA,1-1
2005,Washington Wizards,3-1,3-1,1-2,1-3,3-1,3-1,0-2,1-1,3-0,2-0,0-2,2-2,0-2,1-1,0-2,0-4,1-2,1-1,1-1,3-1,1-1,2-2,2-2,1-1,1-1,2-0,1-1,2-1,1-1,NA
